CustomerID,Revenue_given,Frequency,Recency,United Kingdom or Not
12346,0.0,2,326,1
12348,1797.24,31,76,0
12349,1757.55,73,19,0
12350,334.4,17,311,0
12352,1545.41,95,73,0
12353,89.0,4,204,0
12354,1079.4,58,233,0
12355,459.4,13,96,0
12356,2811.43,59,23,0
12358,1168.06,19,3,0
12360,2662.06,129,53,0
12361,189.9,10,288,0
12363,552.0,23,36,0
12364,1313.1,85,41,0
12365,320.69,23,292,0
12367,168.9,11,212,0
12370,3545.69,167,52,0
12371,1887.96,63,30,0
12372,1298.04,52,35,0
12373,364.6,14,342,0
12374,742.9300000000001,33,26,0
12375,455.42,18,11,0
12377,1628.12,77,316,0
12379,850.29,41,82,0
12380,2720.56,105,22,0
12381,1803.96,91,0,0
12383,1839.31,100,9,0
12384,566.16,30,29,0
12386,401.9,10,192,0
12388,2780.66,100,16,0
12390,549.84,32,80,0
12391,460.89,100,22,0
12393,1582.6000000000001,64,39,0
12394,1272.48,27,153,0
12395,2998.28,159,5,0
12397,2409.9,126,136,0
12398,1635.6599999999999,85,46,0
12399,1108.65,59,2,0
12401,84.3,5,99,0
12402,225.6,11,324,0
12403,409.7,6,50,0
12405,1710.39,54,149,0
12406,3280.75,108,22,0
12407,1708.1200000000001,77,50,0
12408,2842.57,113,128,0
12410,681.0799999999999,28,38,0
12412,1226.88,61,75,0
12413,694.15,40,9,0
12414,562.41,18,188,0
12418,668.58,34,113,0
12420,600.39,29,153,0
12421,806.27,46,16,0
12422,803.5600000000001,39,169,0
12423,1849.11,126,89,0
12424,1760.96,30,163,0
12425,777.2,36,78,0
12426,582.73,30,195,0
12427,708.37,35,12,0
12430,256.4,11,44,0
12434,765.19,54,85,0
12436,509.01,16,335,0
12438,2906.85,98,15,0
12442,172.06,12,181,0
12445,133.4,4,22,0
12446,1002.3100000000001,58,58,0
12447,476.49,26,67,0
12448,449.45,22,45,0
12450,197.88,8,174,0
12452,428.57,23,17,0
12453,707.09,43,135,0
12454,5.684341886080802e-14,30,54,0
12455,2466.86,90,74,0
12456,3153.89,129,45,0
12457,1917.78,68,0,0
12458,947.4,38,72,0
12461,826.88,35,125,0
12462,1124.01,72,19,0
12463,1303.63,88,6,0
12464,1212.05,29,11,0
12465,733.89,51,18,0
12468,724.0400000000001,40,144,0
12475,723.38,36,54,0
12478,680.99,36,181,0
12479,477.3,35,12,0
12480,3281.63,154,29,0
12483,2327.13,81,18,0
12488,1298.66,55,10,0
12489,334.93,15,162,0
12491,460.40000000000003,26,333,0
12492,263.21000000000004,20,106,0
12493,416.79,23,166,0
12494,1139.3500000000001,84,10,0
12497,1043.1,14,82,0
12498,403.70000000000005,23,22,0
12501,2089.68,160,162,0
12503,-1126.0,1,192,0
12504,114.0,15,19,0
12505,-4.5,1,38,0
12506,73.5,23,233,0
12507,1258.06,23,135,0
12508,398.27,69,27,0
12509,176.5,7,285,0
12510,982.5699999999999,33,143,0
12512,138.03,34,244,0
12513,586.79,36,85,0
12514,1017.68,51,268,0
12515,383.7,16,354,0
12516,1312.06,26,4,0
12518,2056.89,124,0,0
12519,340.84,18,153,0
12520,2582.51,155,37,0
12521,599.68,38,143,0
12522,192.72,12,40,0
12523,1745.57,110,9,0
12526,1316.66,71,54,0
12527,348.71000000000004,18,82,0
12528,1922.28,95,10,0
12530,1623.63,68,30,0
12531,125.22,17,15,0
12532,349.83000000000004,16,90,0
12534,1089.18,63,336,0
12535,716.35,34,92,0
12538,363.95,21,60,0
12541,981.18,52,60,0
12544,355.7,20,60,0
12545,1000.39,50,76,0
12546,1141.5,70,47,0
12547,207.79999999999998,8,198,0
12548,95.19999999999999,5,167,0
12550,964.83,57,80,0
12551,168.0,10,358,0
12552,437.82,20,40,0
12556,603.71,121,33,0
12558,1.0658141036401503e-14,22,120,0
12559,536.21,22,311,0
12560,2101.39,111,101,0
12561,238.85,16,69,0
12564,456.9,21,262,0
12565,131.17,10,282,0
12566,346.7,20,73,0
12571,519.61,34,40,0
12572,1004.72,62,48,0
12573,160.54000000000002,28,228,0
12574,218.45,11,316,0
12576,1306.98,89,130,0
12577,595.4,148,243,0
12578,2753.36,120,22,0
12579,410.72,31,74,0
12580,415.7,24,159,0
12581,197.71,15,40,0
12582,511.36,22,239,0
12584,1893.95,126,10,0
12585,1982.81,97,223,0
12586,179.94000000000003,12,18,0
12587,144.0,4,301,0
12588,214.89999999999998,10,40,0
12589,646.68,35,29,0
12591,452.84999999999997,26,318,0
12592,437.6,18,66,0
12593,418.09999999999997,21,109,0
12594,3320.2200000000003,119,47,0
12596,618.27,27,36,0
12598,3002.68,133,10,0
12599,1032.58,62,33,0
12600,2581.04,65,29,0
12601,569.5600000000001,29,39,0
12602,153.12,12,0,0
12603,739.1999999999999,3,22,0
12604,254.18,16,80,0
12609,1126.85,60,79,0
12610,2057.99,111,23,0
12611,1193.32,65,53,0
12612,643.59,21,58,0
12613,3218.98,163,58,0
12614,315.6,20,160,0
12615,2291.19,105,72,0
12616,657.25,36,86,0
12617,355.53,42,60,0
12618,177.31,11,22,0
12619,3214.81,95,17,0
12620,1339.41,92,15,0
12622,180.1,11,233,0
12623,305.1,18,129,0
12624,641.13,38,107,0
12625,2614.32,91,5,0
12628,769.61,43,19,0
12630,1270.88,64,10,0
12631,640.5,31,58,0
12633,2140.63,103,0,0
12635,1689.18,101,31,0
12638,671.69,39,182,0
12639,486.1,22,239,0
12640,1174.58,53,24,0
12641,185.9,10,116,0
12642,1013.26,47,26,0
12643,3344.64,24,39,0
12644,477.91,31,305,0
12645,1755.38,74,110,0
12646,1346.97,45,50,0
12648,318.05,21,125,0
12649,603.71,33,35,0
12650,314.44,20,181,0
12651,114.0,9,100,0
12652,914.53,51,9,0
12653,2209.85,43,149,0
12654,601.98,38,11,0
12657,1152.06,56,12,0
12658,686.05,36,19,0
12659,91.68,5,60,0
12660,245.1,13,12,0
12665,61.75,4,9,0
12666,-227.44,2,360,0
12667,620.13,33,0,0
12669,1607.73,102,3,0
12670,2986.15,94,11,0
12672,225.89999999999998,10,330,0
12673,610.52,42,242,0
12674,1919.31,91,12,0
12676,1331.39,45,25,0
12679,1058.67,56,0,0
12680,862.81,52,31,0
12684,2283.63,105,25,0
12685,2863.08,157,29,0
12689,1247.61,72,26,0
12690,389.01,16,206,0
12691,1035.8,32,0,0
12693,830.96,41,5,0
12694,869.67,37,71,0
12695,582.1,27,108,0
12697,939.02,43,22,0
12701,797.71,53,36,0
12702,219.0,12,20,0
12703,274.7,22,71,0
12704,2220.84,90,23,0
12707,603.42,33,292,0
12708,2616.32,174,37,0
12710,1130.57,79,202,0
12713,848.55,38,89,0
12715,353.86,21,107,0
12716,1053.49,69,134,0
12717,980.98,56,33,0
12718,238.25,19,72,0
12719,608.1,42,30,0
12721,2628.98,164,80,0
12722,904.33,57,3,0
12723,725.07,69,17,0
12724,1031.41,53,39,0
12726,2609.1,124,29,0
12728,836.33,46,39,0
12729,453.01,26,114,0
12732,236.26000000000002,12,180,0
12733,383.95,22,235,0
12734,110.39999999999999,4,353,0
12735,779.5699999999999,43,192,0
12736,234.0,4,39,0
12739,1013.04,38,79,0
12740,427.6,27,153,0
12743,546.43,134,135,0
12750,275.88,15,277,0
12754,2949.12,65,160,0
12755,2203.2,6,160,0
12756,112.07999999999998,4,87,0
12758,2791.59,97,117,0
12759,1531.44,95,53,0
12762,1898.52,69,26,0
12763,494.08,18,139,0
12764,1693.88,45,317,0
12769,1143.6,32,239,0
12770,1351.45,12,211,0
12772,892.47,55,30,0
12775,1351.24,67,18,0
12778,804.23,51,20,0
12781,707.72,30,22,0
12782,2273.32,107,150,0
12783,1603.87,86,54,0
12784,574.42,59,10,0
12785,305.71,15,151,0
12787,463.66,20,10,0
12789,91.85,4,214,0
12790,324.92,21,193,0
12792,400.53999999999996,25,257,0
12793,545.48,24,100,0
12794,860.41,45,54,0
12795,430.48,14,19,0
12797,194.18,17,361,0
12802,412.58,26,95,0
12808,483.65000000000003,28,126,0
12809,484.36,26,169,0
12811,514.85,31,261,0
12812,229.64000000000001,15,45,0
12814,125.92,2,102,0
12815,1063.46,47,148,0
12816,572.2,29,177,0
12817,166.04,4,282,0
12818,1517.88,16,179,0
12820,942.34,59,45,1
12821,92.72,6,96,1
12822,918.98,47,71,1
12823,1759.5,5,75,1
12824,397.12,25,30,1
12826,1468.1200000000001,94,60,1
12827,430.15000000000003,25,45,1
12828,1018.71,56,113,1
12829,253.05,12,162,1
12831,215.05,9,263,1
12832,383.03,27,152,1
12833,417.38,24,146,1
12834,312.38,18,310,1
12836,2612.86,175,30,1
12837,134.1,12,174,1
12838,683.13,123,182,1
12840,2714.27,116,65,1
12842,1118.99,34,71,1
12843,1680.76,108,66,1
12844,325.96000000000004,52,60,1
12845,354.09,27,268,1
12847,871.54,91,23,1
12849,1050.8899999999999,51,121,1
12851,135.18,50,245,1
12852,299.75,20,291,1
12853,1881.7,84,96,1
12854,1289.15,115,6,1
12857,1106.4,46,69,1
12863,504.2,6,53,1
12864,147.12,3,139,1
12865,1548.07,96,27,0
12866,559.12,26,341,0
12868,1607.0600000000002,107,9,1
12871,380.64,11,85,1
12872,599.97,66,327,1
12873,374.0,4,310,1
12875,343.2300000000001,2,144,1
12876,2218.02,85,58,0
12877,1535.77,154,25,1
12878,841.64,49,19,1
12879,552.5699999999999,12,45,1
12881,298.0,7,98,1
12882,1463.04,13,10,1
12883,703.47,42,25,1
12884,309.05,7,1,1
12885,1158.27,72,32,1
12886,1351.09,86,66,1
12888,313.77,7,96,1
12890,380.46999999999997,82,24,1
12891,331.0,3,157,1
12893,188.14,34,90,1
12895,347.3,24,43,1
12897,216.5,4,38,1
12902,138.68,10,265,1
12904,509.58,72,19,1
12906,2919.81,63,12,1
12908,246.0,4,0,1
12909,2128.83,96,40,1
12910,3075.04,75,6,1
12912,1662.3,24,15,1
12913,2483.63,50,16,1
12915,363.65,22,149,1
12916,2982.35,109,139,1
12917,594.0,2,277,1
12919,1301.44,52,2,1
12920,164.23,28,18,1
12922,405.38,28,337,1
12923,176.97,29,183,1
12924,929.95,31,1,1
12925,694.05,45,75,1
12928,2062.7000000000003,84,6,1
12929,105.1,9,93,1
12930,409.9,27,79,1
12933,606.28,107,25,1
12935,2156.45,130,27,1
12936,1012.9,63,17,1
12937,1504.27,120,16,1
12938,114.14,9,26,1
12940,876.29,103,47,1
12942,683.9,75,132,1
12943,-3.75,1,38,1
12944,604.51,30,243,1
12945,462.95,23,289,1
12947,1407.29,103,65,1
12948,2053.7,118,17,1
12950,1843.0,23,25,1
12951,1042.07,65,164,1
12952,1382.8400000000001,80,44,1
12953,329.85,17,10,1
12956,108.07,19,191,1
12962,266.39,16,114,1
12963,1841.03,96,11,1
12965,771.91,109,31,1
12966,160.18,10,10,1
12967,1194.75,33,69,1
12968,135.95,5,113,1
12970,452.24,151,301,1
12974,144.8,8,198,1
12976,738.6,22,5,1
12977,39.239999999999995,9,186,1
12981,372.21999999999997,20,60,1
12982,377.2,34,36,1
12984,97.5,4,19,1
12985,1215.6200000000001,78,29,1
12987,545.0,30,74,1
12988,535.32,92,293,1
12990,409.5,13,121,1
12991,503.76,31,24,1
12993,414.76,27,24,1
12994,902.22,73,32,1
12995,200.72,5,78,1
12997,1197.94,67,1,1
12999,455.88,28,128,1
13000,534.85,31,107,1
13002,120.94999999999999,7,319,1
13003,149.05,6,33,1
13005,468.95,29,128,1
13006,81.57,4,57,1
13008,178.46999999999997,15,324,1
13012,1311.6200000000001,107,10,1
13014,3365.43,124,11,1
13015,3346.28,176,54,1
13016,789.89,47,74,1
13017,204.0,1,301,1
13021,2584.4,134,26,1
13023,689.9,40,183,1
13026,936.15,43,25,1
13028,659.68,47,23,1
13029,1247.5,10,90,1
13030,799.48,99,12,1
13032,996.52,75,53,1
13033,190.55,11,358,1
13034,642.77,37,55,1
13035,886.63,30,58,1
13037,881.07,48,139,1
13038,908.46,28,81,1
13040,676.99,43,182,1
13043,471.57,14,37,1
13044,560.47,33,292,1
13045,305.28000000000003,18,335,1
13046,629.31,35,90,1
13048,1805.91,137,15,1
13049,656.6800000000001,14,183,1
13052,348.15000000000003,18,35,1
13055,1201.96,78,66,1
13058,271.40000000000003,8,0,1
13059,183.4,8,250,1
13060,307.53,15,254,1
13061,248.61,10,73,1
13062,346.98,11,338,1
13064,1119.49,69,1,1
13066,430.9,49,25,1
13067,115.46000000000001,15,83,1
13068,344.0,2,11,1
13070,228.8,9,193,1
13072,177.15,7,267,1
13075,919.61,22,305,1
13077,729.27,112,119,1
13079,220.10000000000002,6,22,1
13080,58.08,6,180,1
13083,303.75,18,76,1
13085,272.38,29,217,1
13091,319.82,24,22,1
13092,459.83,26,5,1
13094,1708.8600000000001,30,22,1
13095,74.39999999999999,6,71,1
13099,207.35999999999999,1,334,1
13101,101.19,8,235,1
13103,243.94,8,40,1
13104,1098.48,20,47,1
13106,59.5,2,134,1
13107,1524.07,60,45,1
13109,766.84,50,30,1
13110,1452.8700000000001,146,54,1
13115,2205.63,132,0,1
13116,485.19,31,118,1
13117,984.91,76,22,1
13118,1125.0,82,20,1
13120,30.599999999999998,1,239,1
13121,254.73,53,270,1
13122,922.39,55,184,1
13126,2056.29,142,39,1
13127,259.17,15,78,1
13130,64.0,2,184,1
13131,1039.3,46,24,1
13132,77.3,3,262,1
13133,109.8,7,37,1
13134,1740.63,105,73,1
13135,3096.0,1,197,1
13136,2545.38,139,0,1
13138,962.39,63,23,1
13140,423.72,46,109,1
13141,2385.8,136,85,1
13142,307.09,23,20,1
13144,110.95,3,39,1
13145,614.77,7,40,1
13146,228.91,17,27,1
13147,712.8000000000001,4,11,1
13149,1676.06,86,15,1
13151,1250.3700000000001,75,204,1
13153,486.22,15,242,1
13154,-611.86,1,145,1
13155,971.76,85,80,1
13157,1721.57,89,6,1
13158,1201.06,79,2,1
13159,1379.75,122,51,1
13160,91.8,4,23,1
13161,112.75,8,314,1
13162,1644.99,82,39,1
13165,1021.48,42,47,1
13166,414.7,42,310,1
13167,791.33,65,19,1
13168,1310.14,133,200,1
13169,712.88,13,153,1
13170,116.00999999999999,32,27,1
13171,426.81,48,17,1
13173,353.65,43,212,1
13176,492.84,72,47,1
13177,282.45,17,183,1
13182,121.18,11,46,1
13185,71.4,1,268,1
13186,1539.69,84,32,1
13187,236.02,37,191,1
13188,114.60000000000001,2,12,1
13189,260.68,29,19,1
13192,911.94,63,206,1
13193,117.88,29,91,1
13194,60.7,3,136,1
13196,1797.78,110,12,1
13200,870.09,46,20,1
13203,869.46,57,10,1
13207,250.26000000000002,8,3,1
13208,1205.9,150,0,1
13210,353.48,22,154,1
13211,1197.42,56,11,1
13212,780.58,143,10,1
13213,1518.43,92,57,1
13216,333.74,5,268,1
13217,133.62,7,93,1
13218,62.63999999999999,5,246,1
13220,819.2900000000001,21,79,1
13221,847.41,66,241,1
13223,163.20000000000002,5,201,1
13224,2150.85,109,33,1
13226,108.21000000000001,16,37,1
13227,257.7,9,202,1
13228,358.0,2,82,1
13229,160.95,10,226,1
13233,605.12,43,75,1
13235,101.17000000000007,59,5,1
13236,727.27,39,1,1
13238,680.83,32,12,1
13239,329.56,22,262,1
13240,663.65,67,174,1
13242,270.40000000000003,13,66,1
13243,600.07,58,204,1
13244,121.74000000000001,27,123,1
13245,430.5,16,51,1
13246,1922.1,143,19,1
13247,501.12,25,18,1
13248,465.68,26,155,1
13249,711.41,23,123,1
13253,1030.4,36,186,1
13255,390.66,14,10,1
13256,0.0,1,15,1
13258,698.58,38,12,1
13259,292.32,87,91,1
13260,557.62,8,91,1
13261,944.1,9,269,1
13262,200.29,11,264,1
13265,2107.66,91,1,1
13271,178.26,101,302,1
13272,276.56,15,31,1
13273,138.98,16,114,1
13276,590.9300000000001,30,153,1
13277,258.4,8,16,1
13278,542.73,46,41,1
13279,126.30000000000001,11,78,1
13280,814.86,85,93,1
13282,1047.8400000000001,40,5,1
13283,93.66,7,30,1
13284,196.15,14,323,1
13291,361.11,42,156,1
13292,578.9399999999999,31,285,1
13294,873.74,54,250,1
13295,197.95000000000002,11,360,1
13296,87.4,5,138,1
13297,2089.85,59,24,1
13298,360.0,2,120,1
13299,142.5,5,269,1
13300,365.29,22,165,1
13301,618.09,81,104,1
13302,63.75,1,155,1
13304,300.42,21,352,1
13305,2000.86,81,22,1
13307,15.0,1,32,1
13308,1367.6100000000001,57,23,1
13309,1456.79,107,1,1
13310,1083.63,77,28,1
13311,598.57,26,3,1
13313,1555.32,78,23,1
13314,578.66,75,52,1
13317,2140.07,135,94,1
13318,640.76,20,119,1
13320,1491.7,110,4,1
13321,567.36,11,73,1
13322,199.48000000000002,25,18,1
13323,787.85,21,22,1
13325,675.3,12,82,1
13328,1308.48,17,317,1
13329,740.4,19,121,1
13330,1140.93,53,123,1
13332,350.9,21,15,1
13336,795.12,51,78,1
13338,431.82,24,125,1
13339,860.12,54,201,1
13341,775.85,42,261,1
13343,303.93,22,173,1
13344,2543.72,119,160,1
13345,377.6,22,129,1
13347,341.36,8,71,1
13348,233.76,14,182,1
13349,247.32,16,11,1
13350,910.72,43,17,1
13351,373.94,16,244,1
13352,389.28,27,61,1
13354,743.53,51,72,1
13355,674.7,32,93,1
13356,768.24,42,81,1
13357,609.95,90,258,1
13358,439.03,29,269,1
13359,431.26,24,30,1
13362,3085.4900000000002,169,10,1
13363,992.5,60,18,1
13364,0.0,20,71,1
13365,2191.22,132,182,1
13366,56.160000000000004,1,51,1
13368,623.4,29,192,1
13369,263.75,19,355,1
13372,378.64,23,31,1
13373,3312.25,158,61,1
13375,772.9,38,1,1
13376,1019.76,53,204,1
13379,572.56,97,27,1
13382,222.99,15,251,1
13385,534.57,35,330,1
13388,627.15,36,63,1
13389,797.96,51,12,1
13390,544.08,13,75,1
13391,59.8,1,204,1
13394,2312.8,164,33,1
13395,307.72,21,157,1
13396,1325.29,47,22,1
13397,1539.18,39,73,1
13398,457.34,26,193,1
13402,621.23,39,246,1
13403,75.0,3,18,1
13404,252.49,11,35,1
13405,572.451,27,75,1
13410,988.91,30,25,1
13411,213.55,18,108,1
13414,1390.5,24,134,1
13416,712.5,19,44,1
13417,640.83,28,206,1
13419,221.06,16,153,1
13420,140.35,10,135,1
13421,1848.98,105,41,1
13422,2601.55,128,52,1
13425,1624.21,78,109,1
13426,3550.7000000000003,159,11,1
13427,582.6,29,20,1
13428,218.47,74,11,1
13429,1006.8,67,11,1
13430,648.6899999999999,54,19,1
13431,1269.1,46,1,1
13434,534.24,10,75,1
13436,196.89,12,120,1
13437,3408.06,167,15,1
13439,283.71,54,256,1
13441,296.64,13,92,1
13447,1104.23,62,24,1
13449,291.88,19,24,1
13450,2043.7199999999998,71,27,1
13452,590.0,2,260,1
13453,356.97999999999996,17,166,1
13455,1007.35,53,25,1
13456,1737.8200000000002,65,18,1
13460,183.44,17,50,1
13461,1445.0,27,139,1
13462,143.25,10,94,1
13464,674.68,41,0,1
13466,297.95,18,101,1
13467,1083.71,99,11,1
13470,165.0,10,116,1
13473,417.54,22,39,1
13474,229.59,64,237,1
13475,1431.78,86,188,1
13476,1092.77,61,68,1
13477,1441.53,81,5,1
13479,291.0,16,199,1
13481,1776.81,112,46,1
13482,184.64,11,233,1
13483,140.34,10,214,1
13484,313.8,8,6,1
13485,454.24,23,234,1
13486,1122.41,69,79,1
13487,575.4,34,58,1
13489,449.52,14,106,1
13491,1215.82,86,39,1
13492,1269.84,50,96,0
13493,618.63,8,98,0
13494,316.26000000000005,18,342,1
13495,1990.1200000000001,52,233,1
13496,617.93,36,11,1
13497,321.05,20,310,1
13499,1146.96,45,18,1
13500,1136.77,67,24,1
13501,1310.47,53,36,0
13502,292.0,18,17,1
13503,216.85,17,72,1
13504,295.93,22,183,1
13506,452.82,29,313,1
13507,2479.16,162,108,1
13508,110.97,12,67,1
13509,979.72,44,37,1
13510,1785.16,117,46,1
13512,251.21,15,261,1
13513,205.1,10,216,1
13514,152.20000000000002,4,74,1
13515,891.12,59,73,1
13516,1389.41,44,22,1
13517,2109.07,143,30,1
13518,659.4399999999999,38,86,1
13519,110.80000000000001,9,51,1
13520,3487.75,95,0,0
13522,125.80000000000001,5,90,1
13524,680.1800000000001,27,41,1
13525,628.78,6,15,1
13529,307.76,15,79,1
13531,483.8,22,206,1
13532,210.31,66,182,1
13533,270.79,76,65,1
13538,1280.85,25,32,1
13539,605.84,38,86,1
13544,291.41,87,40,1
13546,626.99,98,13,1
13548,682.41,124,67,1
13549,916.12,52,3,1
13551,91.80000000000001,4,320,1
13552,3539.53,121,82,1
13557,584.06,34,29,1
13558,605.06,175,24,1
13560,174.37,33,301,1
13561,141.85999999999999,14,127,1
13562,1799.33,82,82,1
13563,777.53,49,85,1
13564,647.74,85,145,1
13565,240.22,38,20,1
13566,874.71,176,41,1
13568,192.85,44,174,1
13569,373.75,85,18,1
13570,239.49,27,67,1
13572,1384.25,33,206,1
13573,294.4,26,51,1
13575,732.0699999999999,46,0,1
13577,1658.3,85,1,1
13579,467.04,23,15,1
13581,118.0,10,283,1
13583,781.03,53,156,1
13584,142.4,24,191,1
13587,347.0,11,44,1
13589,379.65,21,15,1
13590,1976.12,89,3,1
13591,1117.13,58,183,1
13592,247.95999999999998,16,66,1
13593,1990.28,129,109,1
13594,396.97,26,53,1
13596,697.04,166,13,1
13598,167.42000000000002,41,48,1
13600,219.52,19,313,1
13601,693.32,99,5,1
13602,428.89,23,183,1
13603,164.34,27,27,1
13606,280.53999999999996,43,59,1
13607,678.01,98,41,1
13611,1158.2,76,31,1
13615,399.99,24,313,1
13617,544.18,44,4,1
13618,177.34,13,174,1
13621,213.85,19,117,1
13623,672.44,86,90,1
13626,257.23,19,340,1
13627,1624.02,94,30,1
13630,1995.68,80,76,1
13631,3021.77,12,134,1
13632,2117.02,147,25,1
13635,1071.03,62,275,1
13636,941.62,64,93,1
13637,810.5,101,53,1
13638,122.64,8,16,1
13639,1033.34,40,75,1
13642,354.8,66,127,1
13643,519.44,28,121,1
13644,2597.52,148,17,1
13645,252.1,5,32,1
13647,1670.22,80,10,1
13649,346.6,23,257,1
13650,1809.34,98,1,1
13651,94.2,6,40,1
13652,1095.08,63,46,1
13654,2707.33,166,36,1
13655,932.97,56,6,1
13656,379.65,49,165,1
13657,382.14,16,11,1
13658,2421.47,112,10,1
13659,1550.85,108,197,1
13662,879.08,58,35,1
13663,189.47,13,180,1
13666,84.65,12,61,1
13667,305.02,87,150,1
13669,218.55,9,51,1
13670,349.7,25,76,1
13672,-71.46,16,38,1
13673,396.92,65,19,1
13675,486.82000000000005,25,33,1
13678,232.6,16,33,1
13681,827.83,57,18,1
13682,59.5,3,218,1
13684,64.23,31,286,1
13685,3119.44,39,46,1
13686,72.0,8,65,1
13689,910.0,6,153,1
13690,172.25,9,30,1
13692,1466.8700000000001,55,25,1
13693,-32.0,4,326,1
13695,2504.13,90,2,1
13697,151.29999999999998,12,333,1
13699,308.58000000000004,14,156,1
13703,99.5,1,319,1
13704,2295.31,135,0,1
13705,711.86,28,145,1
13706,330.79,20,69,1
13707,806.41,48,267,1
13708,296.88,51,272,1
13710,180.48,8,121,1
13711,252.06,13,219,1
13712,228.84,10,159,1
13715,1053.94,108,191,1
13716,138.28,21,270,1
13717,1432.26,103,57,1
13718,306.55,12,159,1
13719,1041.68,60,16,1
13720,799.9,43,117,1
13721,524.14,28,274,1
13722,2369.16,86,32,1
13723,199.85000000000002,6,188,1
13725,1809.81,118,38,1
13726,1079.6599999999999,42,101,1
13727,333.48,20,29,1
13728,1016.14,63,108,1
13730,752.6,43,136,1
13731,610.59,38,159,1
13732,491.86,33,29,1
13737,339.59999999999997,30,201,1
13739,216.9,3,19,1
13740,350.75,23,241,1
13741,666.33,35,4,1
13743,1340.1499999999999,42,1,1
13744,1156.36,72,215,1
13745,291.54,26,33,1
13748,948.25,28,159,1
13750,1647.26,24,54,1
13751,296.25,9,289,1
13752,1186.28,76,96,1
13753,741.26,35,288,1
13754,282.59999999999997,12,33,1
13758,3190.55,117,12,1
13759,659.4100000000001,25,72,1
13760,286.79,57,55,1
13761,1070.65,70,51,1
13762,3.552713678800501e-15,14,205,1
13763,1689.46,17,153,1
13769,2771.87,143,60,1
13771,2631.7,120,180,1
13772,1132.13,177,182,1
13774,345.0,22,82,1
13778,178.7,9,104,1
13780,360.01,57,171,1
13781,127.84,17,281,1
13782,912.0,115,13,1
13784,2462.79,31,10,1
13787,309.04,31,76,1
13790,348.8,45,212,1
13791,1047.68,17,44,1
13792,195.55,13,244,1
13799,688.86,39,117,1
13800,558.32,33,283,1
13801,324.8,23,244,1
13803,277.07,17,256,1
13804,2635.79,137,79,1
13805,924.6,13,53,1
13806,256.38,10,153,1
13808,1747.66,76,47,1
13809,155.05,12,161,0
13810,899.51,36,29,0
13811,591.75,14,95,0
13812,539.0,36,43,0
13813,1353.41,71,31,0
13814,1562.12,58,57,0
13816,555.04,33,24,0
13817,382.98,24,59,0
13819,1140.35,36,38,1
13821,385.64,59,145,1
13822,632.0,96,41,1
13823,957.66,40,19,1
13824,1698.94,46,6,1
13826,174.65,12,177,1
13827,412.05,93,58,1
13828,209.49,15,23,1
13829,-102.0,1,360,1
13831,2202.99,74,17,1
13832,40.949999999999996,4,18,1
13833,384.8,29,278,1
13835,834.57,55,26,1
13837,271.24,19,5,1
13838,691.73,174,118,1
13841,85.0,1,340,1
13844,361.62,20,12,1
13845,312.98,9,183,1
13846,847.61,58,25,1
13848,1255.0,5,123,1
13849,1537.95,101,52,1
13850,1586.81,94,0,1
13851,2651.46,81,215,1
13853,1056.94,24,58,1
13856,363.4,17,95,1
13858,216.17,11,58,1
13859,201.16,28,327,1
13860,1240.0,77,15,1
13862,2187.31,142,19,1
13863,299.56,22,128,1
13865,501.56,30,0,1
13866,145.67000000000002,7,75,1
13867,1015.29,61,75,1
13868,3192.54,33,301,1
13870,2751.25,118,41,1
13873,381.7,24,2,1
13874,540.45,18,358,1
13875,1786.79,104,38,1
13876,122.7,7,153,1
13877,117.24,3,87,1
13878,1281.53,36,55,1
13880,3219.77,165,22,1
13882,1131.28,66,12,1
13883,2538.75,155,4,1
13884,781.3000000000001,60,31,1
13885,506.8,28,201,1
13886,243.56,16,72,1
13887,349.55,19,204,1
13888,605.63,40,2,1
13889,416.90000000000003,15,123,1
13890,1860.8600000000001,114,19,1
13892,632.97,27,27,1
13893,821.1,21,298,1
13894,535.97,30,23,1
13895,2588.12,119,22,1
13897,311.16,17,51,1
13898,155.93,12,326,1
13899,388.52,19,17,1
13900,740.95,43,94,1
13901,2867.2,149,73,1
13904,332.64,26,295,1
13908,2347.05,126,4,1
13911,2580.91,148,58,1
13914,613.95,34,12,1
13917,272.04,18,50,1
13918,1212.8400000000001,30,50,1
13919,350.15999999999997,33,30,0
13922,172.25,7,352,1
13923,351.13,20,54,1
13924,1682.08,137,10,1
13925,616.65,45,63,1
13926,223.85000000000002,11,24,1
13927,348.99,21,75,1
13928,464.57,27,11,1
13929,802.85,10,170,1
13930,337.34,17,58,1
13931,1230.93,59,86,1
13932,307.4,16,295,1
13933,608.7900000000001,23,110,1
13934,922.1,31,264,1
13936,361.28,27,171,1
13937,158.85,9,170,1
13938,71.66,7,243,1
13939,556.75,46,24,1
13940,839.14,49,18,1
13946,561.5699999999999,11,80,1
13947,90.6,5,214,1
13948,102.0,3,361,1
13949,2427.32,160,25,1
13950,728.56,36,12,1
13951,674.45,39,177,1
13952,3246.091,138,4,1
13953,3515.68,20,53,1
13954,378.59,30,58,1
13955,322.96,33,125,1
13956,1026.42,152,55,1
13959,598.2,92,80,1
13960,230.22,12,22,1
13962,169.55,11,22,1
13963,664.54,35,252,1
13967,80.7,2,146,1
13971,2702.2200000000003,158,4,1
13972,190.25,15,71,1
13973,264.7,11,288,1
13974,413.59000000000003,28,50,1
13976,357.98,10,207,1
13978,196.79000000000002,15,15,1
13979,869.87,54,74,1
13980,200.14,11,61,1
13982,1861.11,115,40,1
13983,2590.46,112,0,1
13984,488.03,17,27,1
13986,320.46,13,18,1
13989,1266.08,41,214,1
13990,311.3,16,66,1
13991,850.63,86,13,1
13992,76.8,5,90,1
13993,3409.66,125,31,1
13994,2313.14,155,40,1
13995,1383.49,87,16,1
14000,633.71,16,5,1
14001,2030.3300000000002,40,46,1
14002,529.73,47,135,1
14005,2874.72,84,10,1
14006,962.19,30,6,1
14009,685.9300000000001,44,199,1
14012,328.8,11,160,1
14013,473.02,34,98,1
14014,505.18,39,78,1
14015,917.34,20,53,1
14019,1398.96,68,47,1
14020,642.8,39,1,1
14021,631.9,22,5,1
14022,440.0,28,226,1
14023,584.07,31,281,1
14024,327.7,16,63,1
14027,104.82,6,61,1
14029,467.66,15,145,1
14032,2929.84,152,6,1
14034,512.02,92,23,1
14035,1428.02,66,29,1
14036,626.65,38,285,1
14037,147.20000000000002,28,177,1
14038,1554.48,93,79,1
14039,152.2,6,182,1
14041,141.41,21,267,1
14045,1659.75,6,110,1
14046,154.99,14,285,1
14047,1290.01,34,74,1
14048,375.13,88,160,1
14050,746.36,54,107,1
14052,225.36,56,20,1
14053,260.25,4,155,1
14054,92.46,6,214,1
14055,725.6400000000001,10,107,1
14059,183.6,8,267,1
14064,1188.32,82,5,1
14066,152.55,7,267,1
14067,374.7,52,153,1
14068,265.85,24,321,1
14073,139.54,14,22,1
14075,942.26,43,20,1
14076,122.47,46,305,1
14077,499.41999999999996,42,41,1
14078,1049.37,65,66,1
14079,375.1,12,155,1
14080,45.599999999999994,4,152,1
14081,904.67,156,69,1
14087,181.67,70,151,1
14089,161.0,14,57,1
14090,76.32000000000001,1,325,1
14093,442.85,105,13,1
14098,147.35,21,274,1
14100,194.9,26,138,1
14102,1314.73,84,12,1
14104,216.20999999999998,21,125,1
14105,1260.33,76,86,1
14107,2688.48,124,52,1
14108,594.16,35,90,1
14109,80.2,14,24,1
14111,688.6,11,6,1
14112,2774.17,173,23,1
14113,1377.92,40,23,1
14114,386.53,15,37,1
14116,1382.74,72,20,1
14117,90.0,3,144,1
14119,-19.9,1,355,1
14121,2740.3,161,11,1
14124,419.58000000000004,5,85,1
14125,2740.43,167,11,1
14126,643.6300000000001,16,11,1
14127,709.71,44,93,1
14128,637.5,46,61,1
14129,1123.8600000000001,52,18,1
14130,483.86,67,320,1
14133,590.3399999999999,30,38,1
14138,982.3800000000001,47,120,1
14139,415.82,26,47,1
14140,920.05,67,22,1
14141,879.0300000000001,46,30,1
14143,115.8,7,134,1
14145,3148.2,12,47,1
14147,468.4,6,50,1
14148,157.2,3,234,1
14149,259.43,40,35,1
14150,658.64,26,243,1
14152,611.09,50,76,1
14154,1345.62,52,240,1
14155,118.75,6,267,1
14157,400.43,49,20,1
14158,507.66,41,41,1
14161,1110.52,108,127,1
14162,289.36,25,174,1
14163,2445.91,52,64,1
14164,1631.77,29,71,1
14165,122.53999999999999,25,98,1
14167,574.84,52,9,1
14171,363.79,58,304,1
14173,450.84,29,11,1
14174,134.46,26,182,1
14175,3108.06,164,30,1
14176,574.0,32,298,1
14177,554.46,43,85,1
14179,719.78,165,41,1
14184,452.89,24,244,1
14185,197.65,3,9,1
14188,2018.91,71,72,1
14193,853.39,42,270,1
14195,962.7,8,202,1
14196,335.52,6,107,1
14198,663.5,44,19,1
14199,185.39999999999998,2,219,1
14201,688.04,39,4,1
14204,161.03,44,151,1
14205,218.78,39,11,1
14206,308.26,21,240,1
14208,151.74,10,184,1
14209,2067.13,88,11,1
14210,1900.89,103,92,1
14211,2208.3,118,54,1
14212,1070.48,9,31,1
14214,1000.23,70,37,1
14215,1777.92,109,12,1
14216,1839.3,59,17,1
14217,1925.3600000000001,107,10,1
14218,169.48000000000002,12,43,1
14219,89.94,7,212,1
14220,632.4,21,189,1
14222,683.17,41,178,1
14223,975.23,61,123,1
14224,1050.12,118,111,1
14226,2201.64,73,29,1
14229,1450.6,43,52,1
14231,822.0600000000001,54,95,1
14232,2043.93,118,43,1
14233,1447.51,36,5,1
14234,775.46,159,22,1
14235,3093.86,80,11,1
14236,490.86,15,81,1
14238,146.85,8,327,1
14239,2323.5,116,44,1
14240,890.34,42,90,1
14241,213.70000000000002,10,95,1
14242,280.55,16,235,1
14243,2535.88,148,92,1
14245,1677.48,112,177,1
14246,1474.06,75,111,1
14247,136.76999999999998,20,190,1
14248,302.58,8,319,1
14250,1904.05,111,31,1
14251,2879.7000000000003,78,11,1
14256,935.0600000000001,54,255,1
14257,3087.27,107,52,1
14259,120.0,5,142,1
14261,1163.45,52,51,1
14262,2618.23,143,18,1
14264,319.47,19,125,1
14265,530.18,31,110,0
14267,1279.09,66,3,1
14270,492.65000000000003,29,9,1
14271,112.32,10,226,1
14272,437.96,33,74,1
14273,559.97,29,36,1
14276,1019.39,75,0,1
14280,134.04,8,197,1
14284,578.45,34,80,1
14285,1910.01,27,22,1
14287,151.23000000000002,11,65,1
14288,413.85,17,35,1
14289,911.26,47,6,1
14290,2307.4500000000003,103,12,1
14293,1046.56,61,148,1
14295,154.70000000000002,7,39,1
14297,1284.06,64,18,1
14299,2855.35,162,0,1
14300,43.2,3,19,1
14301,632.04,16,108,1
14304,197.1,27,38,1
14305,1803.76,110,32,1
14306,2083.42,35,52,1
14309,2319.68,123,29,1
14311,229.71,27,36,1
14312,1611.59,87,37,1
14314,120.0,8,107,1
14315,2456.98,104,22,1
14317,508.58000000000004,24,183,1
14320,343.11,42,39,1
14321,1530.75,123,11,1
14323,574.26,41,115,1
14326,166.85,9,36,1
14327,311.65,12,164,1
14331,462.65999999999997,28,136,1
14332,866.31,26,23,1
14333,351.45,19,182,1
14334,2539.46,163,17,1
14335,468.26,63,17,0
14336,1614.91,90,17,1
14338,554.22,34,197,1
14339,289.90999999999997,18,36,1
14340,134.7,6,219,1
14341,2166.38,130,46,1
14342,607.71,24,22,1
14344,889.9300000000001,71,98,1
14345,108.97999999999999,6,333,1
14346,1021.58,60,32,1
14348,409.57,18,261,1
14349,133.5,31,11,1
14350,258.7,21,68,1
14351,51.0,1,165,1
14352,1078.96,47,37,1
14353,90.6,6,127,1
14354,163.62,9,90,1
14356,666.9399999999999,38,61,1
14357,225.77,41,44,1
14359,882.58,58,20,1
14360,2128.23,118,121,1
14362,161.2,41,23,1
14368,155.0,8,320,1
14371,100.5,4,296,1
14373,76.55,4,359,1
14375,257.68,75,157,1
14377,617.05,11,263,1
14379,348.1,46,45,1
14381,202.68,56,53,1
14382,626.0699999999999,131,27,1
14383,1247.69,59,164,1
14385,202.11,14,10,1
14386,142.4,7,297,1
14387,1770.56,140,75,1
14389,999.72,62,33,1
14393,67.95,5,218,1
14396,487.99,73,214,1
14397,2556.68,95,4,1
14400,559.7,26,141,1
14403,1426.31,26,142,1
14404,1434.72,104,109,1
14406,156.75,8,2,1
14407,2111.08,76,108,1
14408,2606.53,107,11,1
14409,1908.25,55,71,1
14411,1063.0,14,311,1
14412,761.3299999999999,45,43,1
14413,122.7,23,363,1
14414,1485.1299999999999,98,92,1
14416,490.22,14,23,1
14418,1937.25,124,26,1
14420,385.87,30,86,1
14421,813.11,27,5,1
14423,265.2,3,219,1
14424,322.08,1,18,1
14427,363.34000000000003,17,51,1
14428,1230.14,148,47,1
14431,397.76,22,69,1
14434,1372.8,12,22,1
14436,89.06,9,304,1
14437,-43.400000000000006,6,144,1
14438,131.9,9,191,1
14439,2661.24,32,320,0
14440,2357.6800000000003,55,43,1
14441,1545.14,59,22,1
14442,1544.62,68,120,0
14443,1400.88,98,54,1
14447,1163.23,70,19,1
14448,375.35,20,10,1
14450,483.25,40,4,1
14451,662.59,109,61,1
14452,264.44,62,11,1
14453,119.93,22,307,1
14457,113.64,4,311,1
14459,1837.92,37,156,1
14460,383.34,17,111,1
14463,529.62,6,171,1
14465,1058.6200000000001,130,69,1
14466,2272.4,72,60,1
14467,598.76,90,18,1
14470,461.19,43,12,1
14473,234.34000000000003,7,75,1
14474,537.71,30,44,1
14475,799.82,47,69,1
14476,215.7,19,258,1
14477,1307.81,11,20,1
14479,316.25,18,254,1
14480,279.05,13,12,1
14481,636.51,30,165,1
14482,2068.15,144,19,1
14483,129.2,10,150,1
14484,321.92,14,51,1
14485,165.75,47,333,1
14487,1183.58,145,27,1
14488,1047.43,49,52,1
14489,463.38,30,208,1
14491,340.93,17,176,1
14493,2362.84,123,17,1
14494,139.56,7,26,1
14495,123.8,6,51,1
14496,538.8100000000001,19,342,1
14497,457.47,31,38,1
14500,356.85,7,1,1
14501,190.31,12,95,1
14503,3543.26,164,11,1
14504,673.26,107,48,1
14507,1368.18,98,24,1
14508,276.42,57,22,1
14511,1267.4099999999999,71,12,1
14512,275.28,23,218,1
14513,438.49,18,101,1
14514,1055.35,73,9,1
14515,2102.09,101,18,1
14517,330.45,18,142,1
14518,174.37,16,183,1
14520,270.6,4,120,1
14522,974.54,17,25,1
14523,241.09,12,109,1
14528,364.21999999999997,18,302,1
14532,932.85,64,237,1
14533,1812.6200000000001,65,25,1
14536,171.8,19,260,1
14537,355.56,10,58,1
14538,388.25,19,183,1
14539,537.48,32,16,1
14540,996.26,76,10,1
14541,1461.65,111,0,1
14542,103.25,5,157,1
14543,2916.17,107,29,1
14544,2024.45,114,25,1
14548,652.8,4,3,1
14549,289.24,56,342,1
14550,765.62,48,11,1
14551,186.23,10,19,1
14552,165.07,58,33,1
14553,859.27,113,20,1
14555,324.14,21,58,1
14557,0.0,32,86,1
14560,2174.18,76,17,1
14561,1080.76,69,76,1
14565,3073.77,129,114,1
14566,1432.0,4,111,0
14567,1524.46,34,57,1
14569,227.39,12,120,1
14570,218.06,29,251,1
14577,859.71,123,13,1
14578,168.63,24,181,1
14581,138.6,17,17,1
14582,114.11,6,41,1
14584,1029.26,101,94,1
14585,157.05,29,51,1
14586,134.16,27,129,1
14592,570.46,164,57,1
14593,617.99,152,22,1
14594,379.83,53,301,1
14595,1740.6,102,20,1
14597,883.15,55,12,1
14598,221.97,50,45,1
14600,393.33000000000004,25,161,1
14601,213.96,7,11,1
14603,660.0,2,68,1
14608,1785.15,20,59,1
14609,601.56,4,73,1
14616,406.08000000000004,3,36,1
14618,538.59,17,10,1
14619,379.51,22,128,1
14620,393.28000000000003,30,205,1
14621,1765.76,96,90,1
14622,320.58000000000004,21,126,1
14623,869.35,135,43,1
14624,225.85,13,30,1
14625,848.48,57,157,1
14626,2757.07,126,24,1
14627,-21.85,5,342,1
14628,671.96,24,36,1
14629,939.21,153,48,1
14631,1006.98,41,51,1
14632,114.56,8,263,1
14633,344.90000000000003,20,267,1
14636,609.85,28,269,1
14638,443.6,16,51,1
14639,2952.34,175,32,1
14640,2042.15,113,16,1
14641,110.46,7,22,1
14642,96.12,2,0,1
14643,668.61,34,171,1
14644,780.46,29,10,1
14645,597.09,30,98,1
14647,243.22,30,202,1
14651,654.6,102,5,1
14652,114.18,29,78,1
14655,1930.15,50,23,1
14656,291.05,80,170,1
14657,838.27,127,18,1
14658,247.15,29,118,1
14660,285.74,30,87,1
14661,107.95,4,27,1
14662,771.17,168,29,1
14664,637.89,99,20,1
14665,1258.38,117,31,1
14666,195.25,14,25,1
14669,1269.99,170,6,1
14670,411.53,132,251,1
14672,765.55,61,162,1
14673,1736.4,74,10,1
14675,604.75,102,17,1
14676,2543.2400000000002,44,38,1
14681,498.95,7,5,1
14682,52.0,2,202,1
14687,628.38,15,107,1
14689,112.8,13,209,1
14690,358.61,54,33,1
14691,2114.33,71,35,1
14692,582.05,69,138,1
14693,172.9,8,265,1
14696,2070.97,133,2,1
14697,188.60999999999999,22,219,1
14699,109.13000000000001,8,96,1
14700,2235.3,115,152,1
14703,318.17,22,15,1
14705,179.0,1,199,1
14708,1096.67,29,125,1
14710,606.13,139,15,1
14712,917.07,25,60,1
14714,160.19,10,25,1
14715,867.38,71,9,1
14716,329.68,55,43,1
14720,663.81,37,31,1
14722,187.92000000000002,29,148,1
14725,718.08,52,25,1
14727,268.58,10,68,1
14731,380.02,45,35,1
14732,2686.34,149,1,1
14737,1164.55,17,181,1
14738,1289.94,56,5,1
14740,1423.21,93,197,1
14741,1400.34,59,12,1
14744,1088.53,28,17,1
14745,1167.16,70,113,1
14747,294.3,19,189,1
14748,1311.79,92,9,1
14752,389.64,5,44,1
14753,563.15,30,88,1
14754,638.05,41,45,1
14756,738.96,38,15,1
14757,420.5,19,76,1
14758,1484.06,71,145,1
14759,1625.97,102,113,1
14760,53.8,7,295,1
14761,255.9,11,0,1
14762,300.52,21,264,1
14764,250.55,7,44,1
14765,254.11,39,59,1
14766,2423.07,137,66,1
14768,139.5,6,18,1
14770,876.42,52,233,1
14772,139.26,9,113,1
14775,1011.9,60,0,1
14776,2195.58,134,52,1
14777,-17.45,3,212,1
14778,730.86,35,246,1
14779,386.15,41,251,1
14780,447.68,27,55,1
14782,200.10000000000002,6,320,1
14784,289.99,15,27,1
14785,77.4,3,11,1
14788,679.4399999999999,30,27,1
14789,197.64,6,29,1
14790,745.06,46,2,1
14792,0.0,4,153,1
14793,214.14,15,22,1
14794,1272.11,82,10,1
14795,131.45000000000002,6,167,1
14798,173.74,12,53,1
14799,157.7,13,52,1
14801,193.14,59,91,1
14803,845.55,44,98,1
14804,353.27,12,332,1
14805,554.65,47,16,1
14806,193.39000000000001,11,76,1
14815,778.5,53,274,1
14816,271.85,4,198,1
14817,1110.34,63,160,1
14818,657.8,48,74,1
14819,272.07,13,183,1
14820,507.29,29,22,1
14823,321.43,70,4,1
14824,1127.71,29,11,1
14825,2226.91,121,16,1
14828,2139.76,17,162,1
14829,644.65,45,60,1
14830,197.13,40,54,1
14834,1698.35,70,0,1
14836,102.44999999999999,6,11,1
14837,1641.2,110,31,1
14840,62.85,4,268,1
14841,3295.76,138,30,1
14842,2456.8,158,44,1
14844,3189.81,130,6,1
14847,309.4,13,149,1
14850,278.15,22,342,1
14851,511.35,28,24,1
14852,2836.69,143,0,1
14853,463.05,10,5,1
14854,2749.89,131,68,1
14855,645.65,20,2,1
14856,1311.3799999999999,66,57,1
14857,1165.65,61,30,1
14859,1352.04,59,13,1
14860,168.62,12,20,1
14861,125.79,6,53,1
14862,841.1999999999999,48,26,1
14863,266.76,11,60,1
14865,52.2,4,301,1
14867,701.33,37,157,1
14868,2939.64,147,22,1
14869,721.95,72,104,1
14870,327.25,13,262,1
14871,522.38,98,179,1
14873,519.68,28,211,1
14875,1448.72,50,10,1
14878,1485.54,124,4,1
14880,706.19,47,78,1
14881,255.4,17,20,1
14882,589.7,11,27,1
14883,756.64,54,5,1
14885,765.3199999999999,15,132,1
14886,364.8,18,340,1
14887,1862.0,6,80,1
14888,369.2,20,208,1
14889,135.9,10,162,1
14890,125.65,7,254,1
14891,554.38,33,148,1
14893,1237.8500000000001,73,10,1
14894,655.75,23,86,1
14896,468.77000000000004,43,205,1
14897,1366.38,55,1,1
14898,1228.32,119,24,1
14901,1414.99,98,1,1
14902,314.11,24,22,1
14904,1025.44,69,26,1
14905,599.9,18,125,1
14907,3478.85,168,24,1
14908,277.8,9,75,1
14910,389.86,35,26,1
14912,841.52,28,17,0
14913,1227.43,87,37,1
14915,258.83,13,86,1
14916,1264.84,79,71,1
14918,1610.15,45,116,1
14920,977.77,57,35,1
14921,1316.07,78,90,1
14923,749.1,44,51,1
14924,310.05,10,128,1
14929,223.88,11,151,1
14930,2372.86,128,68,0
14931,964.6800000000001,42,23,0
14934,1888.84,88,73,0
14935,1784.71,10,298,0
14937,1617.63,35,57,0
14946,100.9,3,15,1
14947,290.82,14,73,1
14948,1066.57,64,24,1
14950,361.25,20,20,1
14951,311.69,20,80,1
14953,289.82,55,26,1
14954,336.17,85,13,1
14957,58.49,12,253,1
14958,499.68,42,128,1
14959,684.97,61,30,1
14960,221.27,27,172,1
14962,126.7,5,271,1
14964,206.21,13,189,1
14965,599.0,83,245,1
14966,191.32,38,15,1
14967,463.8,6,50,1
14968,147.59,37,90,1
14970,1592.06,34,138,1
14971,1116.57,160,44,1
14972,114.77,18,277,1
14973,1314.45,32,108,1
14974,114.39,21,302,1
14975,279.94,11,58,1
14976,765.86,73,58,1
14981,102.12,8,159,1
14984,213.27,41,4,1
14985,296.75,87,199,1
14987,326.4,4,16,1
14988,334.54,40,5,1
14995,233.23000000000002,61,251,1
14997,540.98,27,1,1
14998,429.87,75,6,1
15000,490.52,77,48,1
15002,1641.76,115,116,1
15004,1246.32,158,148,1
15006,502.09,144,52,1
15007,156.91,12,278,1
15010,308.94,20,243,1
15012,423.04,128,54,1
15014,260.17,35,43,1
15016,170.04,20,173,1
15017,125.58,20,182,1
15018,456.26,32,220,1
15019,266.0,70,267,1
15022,905.04,135,12,1
15024,1661.33,155,10,1
15025,377.01,72,182,1
15026,469.0,61,81,1
15027,1051.95,37,90,1
15028,627.13,48,43,1
15030,518.28,7,72,1
15031,668.14,111,89,1
15035,252.73000000000002,27,31,1
15036,465.55,127,73,1
15038,665.59,133,0,1
15041,180.35,67,171,1
15042,135.93,5,200,1
15043,537.0,3,121,1
15045,633.66,13,33,1
15047,343.62,22,270,1
15048,380.57,98,117,1
15049,121.17000000000002,3,37,1
15050,1727.17,80,26,1
15051,1391.61,143,3,1
15052,215.78,30,320,1
15053,697.79,71,186,1
15054,302.1,114,13,1
15057,1489.5,25,98,1
15060,303.09,121,10,1
15062,987.86,57,72,1
15063,370.79999999999995,5,66,1
15065,3135.98,158,165,1
15066,760.59,53,54,1
15067,1744.76,82,79,1
15068,553.36,104,47,1
15069,1109.53,70,180,1
15071,982.07,26,98,1
15073,612.43,76,10,1
15074,748.87,42,106,1
15075,773.03,27,78,1
15076,880.85,49,173,1
15079,893.66,48,35,1
15081,487.35,35,23,1
15083,88.2,5,257,1
15087,306.94,15,282,1
15088,1140.27,60,22,1
15089,2420.84,145,11,1
15090,381.32,23,252,1
15091,476.96,31,54,1
15092,457.81,26,127,1
15095,1364.7,49,104,1
15096,219.39000000000001,11,43,1
15097,248.08,25,212,1
15098,649.5,5,65,1
15099,410.48,23,85,1
15100,635.1,6,70,1
15101,310.03,9,191,1
15103,703.36,35,87,1
15104,1002.54,71,167,1
15105,2298.93,101,19,1
15106,1407.73,102,5,1
15107,247.66,20,39,1
15108,1291.75,61,65,0
15109,463.75,31,128,1
15110,970.25,40,24,1
15111,1567.48,84,60,1
15113,3439.41,101,10,1
15115,340.11,21,19,1
15116,1352.75,45,18,1
15117,1550.13,80,15,1
15118,244.8,1,135,1
15119,266.4,14,128,1
15120,343.82,22,134,1
15121,457.72,28,51,1
15122,1612.13,87,86,1
15123,2199.31,106,207,1
15124,184.19,15,23,1
15127,406.53,16,214,1
15128,1419.54,111,61,1
15129,3447.4,84,51,1
15130,330.11,22,170,1
15132,977.9300000000001,52,19,1
15133,982.42,29,38,1
15134,1387.99,73,15,1
15135,127.15,10,234,1
15136,1282.45,69,0,1
15139,178.96,13,162,1
15140,2350.0,81,53,1
15142,498.74,26,47,1
15143,259.45,14,226,1
15145,1194.73,67,44,1
15146,1313.66,95,165,1
15147,608.65,29,219,1
15148,301.29,20,11,1
15149,520.8000000000001,23,134,1
15153,329.25,22,121,1
15154,240.27,92,75,1
15156,961.49,55,119,1
15157,1869.5,133,124,1
15158,401.40000000000003,7,46,1
15160,158.16,4,358,1
15163,304.47,29,19,1
15164,843.05,103,209,1
15167,163.0,41,321,1
15168,106.56,5,26,1
15171,1034.5,7,9,1
15172,1624.05,110,71,1
15174,135.75,11,323,1
15175,224.14,23,72,1
15178,40.5,3,261,1
15179,2186.2,95,19,1
15181,680.28,18,176,1
15182,622.85,29,125,1
15184,406.76,63,60,1
15185,310.62,21,71,1
15186,411.41,19,15,1
15192,1044.32,51,2,1
15193,499.32,19,61,1
15197,656.44,36,9,1
15198,193.64,10,123,1
15199,1268.7,13,30,1
15201,927.84,97,63,1
15203,1827.8,142,26,1
15204,316.58,9,358,1
15205,648.8299999999999,38,85,1
15206,420.29999999999995,9,11,1
15208,867.62,43,30,1
15210,331.18,20,226,1
15211,894.4100000000001,52,61,1
15212,88.94999999999999,7,6,1
15213,325.05,25,319,1
15214,1661.44,110,11,1
15215,615.99,43,45,1
15216,96.6,2,88,1
15219,305.75,9,177,1
15220,1758.92,119,52,1
15222,585.0,5,319,1
15223,454.90000000000003,32,226,1
15224,310.48,16,359,1
15225,409.40000000000003,23,235,1
15226,154.41,8,311,1
15227,1219.4,58,127,1
15228,3376.96,126,124,1
15230,429.6,23,240,1
15232,612.06,31,114,1
15234,197.0,14,129,1
15235,2247.51,143,159,1
15236,321.05,15,299,1
15237,1412.32,99,79,1
15238,1056.54,52,60,1
15239,764.34,52,11,1
15240,1685.57,83,6,1
15241,1738.59,111,74,1
15243,316.68,22,75,1
15244,631.57,34,214,1
15245,2515.84,89,134,1
15246,514.15,33,239,1
15247,356.0,6,93,1
15252,740.78,44,95,1
15253,915.3,55,1,1
15254,300.36,18,246,1
15255,890.85,47,244,1
15256,98.45,6,149,1
15257,232.14999999999998,8,282,1
15258,623.16,34,169,1
15260,1780.77,78,101,1
15261,254.82,19,136,1
15262,178.95000000000002,10,324,1
15263,156.51,12,107,1
15264,393.74,23,183,1
15265,1506.1200000000001,82,33,1
15266,119.3,6,223,1
15267,1717.36,11,0,1
15269,408.8,2,24,1
15270,2298.2,48,16,1
15272,721.94,63,58,1
15274,716.57,47,19,1
15275,609.19,42,120,1
15276,135.31,52,244,1
15277,255.89999999999998,12,47,1
15279,277.40999999999997,21,355,1
15280,113.12,16,173,1
15281,2239.9500000000003,150,0,1
15286,240.55,3,50,1
15287,485.24,21,23,1
15288,2306.52,88,44,1
15289,935.1,59,60,1
15292,180.94,25,202,1
15297,635.04,41,11,1
15300,496.44,28,183,1
15303,574.02,31,291,1
15304,680.3,26,61,1
15306,1174.35,58,123,1
15307,205.3,12,215,1
15308,302.27,21,68,1
15312,921.1,48,76,1
15313,52.0,1,111,1
15314,327.97,24,200,1
15315,551.54,38,107,1
15316,165.0,1,327,1
15318,312.62,33,181,1
15319,204.5,16,341,1
15320,267.13,36,45,1
15321,2650.73,106,50,1
15322,602.97,49,86,1
15325,162.29,49,104,1
15326,311.71,29,70,1
15327,208.75,10,53,1
15329,1005.5,62,40,1
15330,714.96,13,61,1
15333,1028.56,16,209,1
15334,351.67,99,164,1
15335,173.97,36,54,1
15339,557.57,88,244,1
15341,2020.52,17,81,1
15342,391.76,26,117,1
15343,364.5,21,88,1
15344,476.58,32,24,1
15345,367.69,23,46,1
15346,252.42000000000002,17,39,1
15348,158.04,9,73,1
15349,473.81,72,218,1
15353,777.02,63,255,1
15355,277.05,14,54,1
15360,427.93,13,40,1
15361,418.92,7,362,1
15363,318.05,17,6,1
15364,913.19,29,215,1
15365,1330.45,151,26,1
15366,602.51,44,76,1
15367,1867.69,96,58,1
15368,446.94000000000005,4,22,1
15369,-1592.49,1,145,1
15370,2360.55,95,30,1
15372,2007.3999999999999,27,138,1
15373,2213.11,137,19,1
15374,168.0,3,277,1
15376,1233.3600000000001,117,41,1
15380,1682.3600000000001,37,47,1
15381,596.85,8,66,1
15384,635.76,43,170,1
15385,316.88,12,41,1
15386,394.14,31,187,1
15388,140.54,10,271,0
15389,500.0,1,173,1
15392,1515.73,85,1,1
15393,231.86,12,17,1
15394,2183.54,85,10,1
15395,107.45,7,326,1
15396,288.18,14,113,1
15397,94.0,6,290,1
15398,1339.63,74,17,1
15399,815.77,50,23,1
15400,666.7,13,114,1
15402,626.77,42,149,1
15405,349.1,8,279,1
15406,426.61,58,19,1
15407,1056.44,153,95,1
15408,267.18,34,265,1
15410,3450.84,122,85,1
15411,1346.38,100,27,1
15412,190.53,10,172,1
15414,774.9000000000001,39,10,1
15415,572.8100000000001,48,314,1
15417,508.8,28,86,1
15419,135.86,8,25,1
15421,950.36,53,0,1
15422,97.7,6,324,1
15423,43.5,2,333,1
15424,383.34,17,255,1
15428,93.78,6,16,1
15429,364.90000000000003,83,27,1
15432,171.19,10,24,1
15433,417.87,53,66,1
15434,997.48,59,108,1
15435,149.29,29,23,1
15437,200.16,45,263,1
15438,156.57999999999998,25,132,1
15440,383.68,62,55,1
15442,594.0,2,220,1
15445,113.5,5,265,1
15447,155.17,9,331,1
15448,494.64,28,313,1
15449,971.22,62,27,1
15450,429.84,30,90,1
15452,538.73,58,60,1
15454,179.1,25,363,1
15456,447.22,60,341,1
15457,237.07,58,263,1
15458,161.64,7,26,1
15460,216.76,58,355,1
15462,234.6,11,144,1
15463,126.14,7,60,1
15464,1048.85,157,223,1
15466,334.53,57,86,1
15467,511.88,53,10,1
15468,438.46,29,44,1
15469,504.5,27,32,1
15471,469.48,77,151,1
15472,371.56,76,114,1
15473,1465.2,14,0,1
15475,454.10999999999996,29,78,1
15478,1441.42,46,41,1
15480,905.5,45,117,0
15483,233.81,88,267,1
15485,2575.0,86,90,1
15488,91.32000000000001,2,123,1
15489,1090.03,55,5,1
15491,3090.85,155,64,1
15492,659.4599999999999,35,29,1
15494,1299.23,125,22,1
15497,1259.7,16,18,1
15500,1131.56,68,19,1
15503,147.09,70,363,1
15504,52.83,13,82,1
15505,3497.14,99,53,1
15506,979.26,164,23,1
15507,492.36,46,172,1
15508,1000.27,92,226,1
15510,250.0,1,331,1
15511,909.23,160,12,1
15512,121.0,7,156,1
15516,62.43,15,45,1
15517,267.03,27,234,1
15520,343.5,18,120,1
15522,398.84,57,88,1
15523,412.01000000000005,10,85,1
15524,440.0,1,25,1
15526,148.44,4,182,1
15527,2348.82,166,19,1
15528,229.33,26,255,1
15530,1502.35,108,22,1
15533,746.92,86,20,1
15535,459.9,78,174,1
15537,110.92,24,164,1
15539,538.46,41,301,1
15540,213.3,15,12,1
15541,85.13000000000001,29,115,1
15543,127.86,28,289,1
15545,292.71999999999997,81,55,1
15549,1655.76,116,78,1
15550,575.63,61,38,1
15551,436.06,29,274,1
15552,90.12,17,188,1
15553,437.23,56,61,1
15554,217.2,14,160,1
15556,279.77,31,25,1
15557,473.65000000000003,20,29,1
15561,722.74,31,12,1
15562,134.55,1,352,1
15563,1319.69,117,22,1
15565,173.16,8,51,1
15567,186.01,7,19,1
15568,758.29,53,45,1
15569,1375.71,31,39,1
15571,650.4300000000001,57,12,1
15573,607.45,104,86,1
15574,702.25,168,178,1
15576,940.6700000000001,45,302,1
15577,258.88,39,33,1
15578,127.1,13,163,1
15579,348.6,51,303,1
15581,3429.9700000000003,151,32,1
15582,682.9100000000001,44,25,1
15584,722.61,125,24,1
15585,455.3,31,177,1
15587,913.6800000000001,9,31,1
15589,456.58,30,256,1
15590,-30.19,1,290,1
15592,388.58,24,47,1
15593,199.8,5,71,1
15594,1767.53,104,16,1
15596,1343.34,84,68,1
15597,315.71999999999997,23,60,1
15598,235.68,16,50,1
15599,761.74,52,27,1
15602,1083.63,54,22,1
15603,48.480000000000004,2,79,1
15604,216.39,17,53,1
15605,1198.23,67,31,1
15606,2422.64,91,2,1
15607,104.76,13,162,1
15608,1093.68,60,29,1
15609,270.03000000000003,18,65,1
15610,112.46000000000001,6,52,1
15611,1568.39,45,10,1
15612,195.15,6,91,1
15618,747.031,49,87,1
15619,336.40000000000003,3,11,1
15620,1524.4,104,50,1
15621,1158.77,18,11,1
15623,301.03,19,141,1
15624,588.13,34,117,1
15625,1504.56,68,101,1
15626,675.8,49,75,1
15628,2865.64,157,25,1
15630,1180.4,61,46,1
15632,3147.31,177,16,1
15634,243.55,15,18,1
15636,724.76,25,31,1
15637,223.36,15,53,1
15638,-94.0,2,38,1
15639,425.32,25,135,1
15641,1887.2,119,106,1
15643,647.4,36,126,1
15645,612.01,52,19,1
15646,425.14000000000004,36,36,1
15648,599.9,28,205,1
15649,816.0,2,162,1
15651,646.3,32,261,1
15652,337.74,21,92,1
15653,877.4399999999999,6,116,1
15654,922.53,21,10,1
15655,511.32,37,67,1
15656,748.5,47,46,1
15657,30.0,1,23,1
15658,958.9,56,38,1
15659,306.45,11,44,1
15660,1552.01,94,26,1
15661,309.8,5,223,1
15663,138.14,9,107,1
15664,358.63,19,51,1
15665,2242.01,116,67,1
15667,301.32,13,40,1
15668,76.32000000000001,1,188,1
15669,677.69,35,41,1
15670,173.05,12,297,1
15671,2635.4900000000002,81,19,1
15673,2881.02,155,1,1
15674,1744.02,135,66,1
15675,323.69,21,82,1
15677,657.23,33,50,1
15678,352.7,12,53,1
15679,781.28,110,25,1
15680,1333.68,78,10,1
15681,946.36,67,19,1
15683,193.75,10,118,1
15687,2981.5,168,24,1
15689,254.1,9,2,1
15690,239.76,19,101,1
15691,136.8,2,340,1
15692,191.04,12,29,1
15695,409.98,22,267,1
15696,2644.46,177,66,1
15699,309.65,18,18,1
15700,664.03,89,173,1
15703,211.5,5,265,1
15704,2293.62,117,127,1
15705,143.1,6,202,1
15706,1001.8100000000001,59,30,1
15709,133.25,6,341,1
15712,1072.3600000000001,53,10,1
15713,346.75,20,144,1
15714,330.88,35,12,1
15716,1118.81,118,146,1
15717,150.3,7,235,1
15720,598.73,128,25,1
15721,507.08,91,12,1
15722,2181.21,72,109,1
15724,212.3,12,68,1
15725,415.25,32,16,1
15728,-134.8,4,50,1
15729,62.0,6,35,1
15730,1108.38,73,123,1
15732,294.12,14,35,1
15733,162.3,10,310,1
15734,1339.45,26,115,1
15737,1121.21,81,15,1
15739,449.12,8,244,1
15740,154.88,9,50,1
15743,784.46,88,17,1
15744,34.8,3,78,1
15745,1071.24,65,20,1
15746,182.96,29,135,1
15747,974.04,93,13,1
15748,149.31,21,41,1
15753,79.2,1,130,1
15754,455.67,29,51,1
15755,2318.88,149,1,1
15757,714.42,45,188,1
15758,205.25,9,25,1
15759,253.04,7,219,1
15762,583.75,37,78,1
15763,1048.67,63,74,1
15766,315.06,11,183,1
15768,581.8299999999999,28,116,1
15773,635.6800000000001,10,242,1
15774,270.8,25,303,1
15775,104.9,7,128,1
15776,241.62,18,134,1
15777,1021.61,22,6,1
15780,475.28000000000003,29,36,1
15781,333.56,21,26,1
15782,2593.94,44,10,1
15783,246.3,14,11,1
15785,2303.75,87,60,1
15789,351.3,25,359,1
15790,220.85,35,11,1
15791,1604.44,76,44,1
15793,948.96,13,10,1
15795,610.01,42,150,1
15796,2666.61,135,18,1
15797,2207.4,8,96,1
15799,884.14,98,76,1
15800,699.08,119,108,1
15801,1042.19,69,47,1
15802,-451.42,3,143,1
15803,415.82000000000005,8,52,1
15806,784.58,31,47,1
15807,903.9,48,51,1
15809,399.21,43,69,1
15810,1145.43,112,79,1
15811,2171.32,139,18,1
15812,1801.14,41,33,1
15813,1303.9099999999999,40,208,1
15814,1842.73,74,17,1
15815,2100.6,49,35,1
15819,1905.45,123,50,1
15820,206.98,17,320,1
15821,570.96,62,45,1
15822,885.47,33,181,1
15823,-840.76,17,192,1
15825,532.94,20,173,1
15826,1649.3600000000001,69,52,1
15827,1641.48,134,35,1
15829,636.14,51,141,1
15830,547.7,41,60,1
15831,747.76,69,0,1
15832,836.79,54,255,1
15835,954.09,50,45,1
15836,117.47,12,46,1
15837,391.98,24,183,1
15839,1020.74,65,26,1
15840,345.66,28,0,1
15841,1209.1,50,73,1
15843,118.95000000000002,8,99,1
15844,130.73999999999998,11,47,1
15847,389.27,22,289,1
15850,238.85,97,20,1
15852,160.71,22,187,1
15853,110.8,30,52,1
15854,2974.65,140,87,1
15855,712.24,80,95,1
15857,297.0,14,19,1
15860,977.21,142,41,1
15862,832.88,147,113,1
15863,68.84,18,26,1
15864,1769.7800000000002,24,23,1
15865,895.13,40,1,1
15866,230.53,45,102,1
15869,149.64,15,159,1
15870,354.09000000000003,76,152,1
15872,360.93,128,15,1
15877,440.78,131,18,1
15881,438.24,32,313,1
15882,495.36,24,199,1
15883,396.48,49,151,1
15885,379.35,18,123,1
15886,181.09,12,61,1
15888,141.27,14,80,1
15889,446.87,93,186,1
15891,524.52,62,227,1
15894,263.55,41,254,1
15895,179.17,11,150,1
15897,222.05,24,195,1
15898,1384.68,87,120,1
15900,351.11,51,24,1
15901,363.88,116,17,1
15904,164.68,30,332,1
15906,1521.79,151,20,1
15909,191.94,7,174,1
15912,264.62,19,179,1
15916,1491.24,160,17,1
15917,123.1,12,189,1
15918,334.23,40,272,1
15919,639.89,143,20,1
15920,167.5,60,125,1
15921,336.03000000000003,25,173,1
15925,207.15,12,195,1
15930,426.63,21,275,1
15932,2461.85,119,1,1
15933,1107.46,74,22,1
15935,416.86,12,6,1
15937,145.35,7,183,1
15938,404.58,18,113,1
15940,31.799999999999997,2,342,1
15942,337.44,14,134,1
15944,325.1,6,129,1
15947,1708.24,29,83,1
15948,955.24,60,44,1
15949,364.72,19,17,1
15950,1705.26,103,79,1
15951,669.57,43,119,1
15952,806.57,91,182,1
15953,1634.53,103,5,1
15957,428.89,42,121,1
15958,104.35,7,75,1
15963,470.76,28,20,1
15965,845.64,122,18,1
15967,418.83,84,24,1
15969,582.9,21,10,1
15970,314.1,11,99,1
15973,99.77000000000002,6,236,1
15974,3429.55,177,5,1
15975,371.01,24,85,1
15976,430.94,98,166,1
15977,1054.73,65,18,1
15978,1098.78,49,78,1
15980,2398.86,43,1,1
15981,3408.48,97,6,1
15983,1475.02,113,22,1
15985,1037.42,38,124,1
15986,168.12,14,90,1
15987,1451.28,140,13,1
15988,158.03,27,20,1
15990,792.11,52,45,1
15992,41.989999999999995,3,181,1
15994,427.07,35,55,1
15996,1044.78,131,1,1
16003,2735.37,103,60,1
16006,101.4,8,5,1
16008,478.78,33,24,1
16009,992.71,90,23,1
16010,407.5,86,128,1
16012,1415.29,94,155,1
16014,653.13,148,64,1
16017,211.88,32,48,1
16018,408.90000000000003,28,4,1
16019,3450.2400000000002,165,47,1
16020,851.01,46,17,1
16022,628.28,76,261,1
16023,719.81,101,47,1
16024,251.24,64,13,1
16025,439.65999999999997,28,60,1
16026,236.09,32,44,1
16027,852.12,17,69,1
16030,331.24,29,283,1
16031,548.94,100,123,1
16034,437.7,22,39,1
16036,758.92,55,88,1
16037,855.02,39,130,1
16038,454.33000000000004,28,178,1
16040,1313.55,65,149,1
16041,3166.4,6,90,1
16042,1147.37,75,22,1
16043,773.99,39,5,1
16045,1340.7,83,2,1
16048,243.69000000000003,9,86,1
16050,137.9,10,174,1
16052,362.06,34,55,1
16053,1511.95,84,93,1
16054,783.9,70,146,1
16055,134.8,8,280,1
16056,664.85,68,46,1
16057,2140.2200000000003,134,5,1
16061,-29.95,1,270,1
16062,1153.62,64,6,1
16063,335.32,23,261,1
16066,1521.87,102,17,1
16070,852.15,33,23,1
16071,326.24,21,45,1
16072,584.3199999999999,23,289,1
16073,94.35,2,292,1
16076,2173.53,131,23,1
16078,79.2,1,341,1
16079,1352.0,21,17,1
16080,176.6,11,68,1
16083,1317.62,31,101,1
16084,436.18,38,300,1
16085,981.51,167,0,1
16086,1119.31,40,30,1
16091,315.06,18,125,1
16092,779.36,53,115,1
16093,17.0,1,107,1
16094,1041.83,67,12,1
16096,320.62,12,265,1
16097,185.04999999999998,10,241,1
16098,2005.63,67,88,1
16099,731.9,39,51,1
16101,1245.96,83,10,1
16102,1842.14,57,43,1
16103,1429.64,48,80,1
16104,302.36,29,91,1
16105,336.96,13,220,1
16106,108.38,6,214,1
16107,3204.1600000000003,31,18,1
16108,816.1,49,85,1
16109,611.88,18,219,1
16112,195.73999999999998,16,70,1
16113,161.38,30,95,1
16114,135.75000000000003,8,171,1
16116,592.88,35,5,1
16117,232.21,30,279,1
16119,423.36,16,73,1
16120,1294.14,32,30,1
16122,684.4200000000001,38,39,1
16123,307.78,16,52,1
16124,187.15,16,317,1
16127,656.25,40,40,1
16128,1880.22,89,18,1
16131,3506.54,78,52,1
16134,603.69,38,22,1
16135,517.55,21,263,1
16136,709.38,37,30,1
16139,635.41,31,19,1
16140,703.77,37,53,1
16141,620.4,30,1,1
16142,535.34,37,250,1
16143,2419.84,118,35,1
16144,175.2,1,159,1
16146,734.13,29,204,1
16147,375.0,22,134,1
16148,76.32000000000001,1,297,1
16149,280.52,18,143,1
16150,1906.07,136,1,1
16152,1829.04,29,269,1
16153,1824.23,89,50,1
16156,3024.62,139,25,1
16157,644.24,19,16,1
16159,348.2,14,282,1
16160,1009.4499999999999,22,79,1
16162,37.4,2,340,1
16163,441.59999999999997,7,225,1
16164,802.53,35,18,1
16169,1822.97,85,40,1
16170,1880.4199999999998,127,51,1
16171,73.2,3,30,1
16172,1140.21,69,6,1
16173,1406.57,87,16,1
16174,1009.5500000000001,23,33,1
16175,1037.59,58,169,1
16177,331.95,15,51,1
16178,197.9,8,139,1
16179,215.83,11,61,1
16181,305.54,11,74,1
16183,338.71000000000004,15,275,1
16184,1155.54,46,5,1
16185,529.41,31,17,1
16188,981.86,67,36,1
16189,215.48,11,16,1
16190,215.08,6,41,1
16193,314.45,19,237,1
16198,400.68100000000004,15,76,1
16201,1821.52,115,17,1
16202,365.27,18,361,1
16203,589.15,36,0,1
16204,405.71,57,24,1
16205,761.38,98,90,1
16206,537.0600000000001,63,55,1
16207,394.38,19,26,1
16208,664.26,66,45,1
16209,2262.62,46,1,1
16211,542.77,24,1,1
16212,681.19,43,20,1
16213,159.0,6,79,1
16214,1062.75,44,171,1
16215,242.35,14,81,1
16216,914.9300000000001,37,268,1
16217,259.39000000000004,19,128,1
16218,3054.87,90,60,1
16221,864.86,97,98,1
16222,846.72,137,319,1
16224,1295.3,96,57,1
16225,1096.32,134,45,1
16226,255.12,8,204,1
16227,308.32000000000005,7,226,1
16229,1010.6,47,35,1
16230,542.03,35,279,1
16232,983.23,38,44,1
16233,422.13,25,71,1
16235,858.41,48,39,1
16236,432.2,20,79,1
16239,372.9,21,57,1
16243,409.1,51,55,1
16244,1522.75,91,5,1
16245,1352.3600000000001,93,24,1
16247,114.56,16,171,1
16248,152.94,7,91,1
16249,1800.07,69,53,1
16250,389.44,24,262,1
16256,732.63,14,258,1
16257,46.95,2,177,1
16260,1035.45,18,51,1
16261,746.83,124,17,1
16262,-31.65,3,361,1
16266,861.89,61,74,1
16268,667.65,45,71,1
16270,1141.24,54,354,1
16271,1423.29,134,16,1
16272,411.7,25,117,1
16275,559.87,33,197,1
16276,810.6000000000001,6,177,1
16278,537.83,25,24,1
16279,1496.68,109,22,1
16281,2062.06,17,73,1
16282,168.3,11,253,1
16283,1531.51,168,32,1
16284,823.97,109,51,1
16287,142.5,8,170,1
16292,280.9,19,63,1
16293,2236.7400000000002,120,22,1
16295,1328.55,79,0,1
16297,275.4,23,35,1
16298,598.2,27,23,1
16302,212.82,12,108,1
16305,361.21999999999997,22,139,1
16306,602.27,44,38,1
16308,2560.0,4,108,1
16309,686.67,44,92,1
16311,616.26,37,18,1
16313,274.15000000000003,16,50,1
16315,226.37,14,331,1
16316,2755.56,156,79,1
16317,1341.65,69,2,1
16318,328.15,19,243,1
16319,404.40000000000003,3,188,1
16320,1038.46,56,66,0
16321,230.70000000000002,16,73,0
16322,326.75,37,120,1
16323,207.50000000000003,1,197,1
16324,428.68,118,178,1
16325,510.54,20,45,1
16330,242.21,41,18,1
16332,1583.2,154,29,1
16337,151.05,10,274,1
16338,214.79999999999998,11,217,1
16339,109.95,20,285,1
16340,549.07,153,108,1
16341,1959.38,84,25,1
16342,322.41,15,76,1
16343,370.47999999999996,47,16,1
16344,101.10000000000001,2,247,1
16345,575.41,38,45,1
16347,887.65,92,12,1
16349,53.5,9,291,1
16350,1100.47,60,22,1
16351,153.9,8,39,1
16352,494.44,28,18,1
16354,395.8,39,74,1
16356,210.32000000000002,32,160,1
16357,658.88,34,66,1
16358,2024.95,110,65,1
16359,1460.3700000000001,70,9,1
16361,896.66,106,10,1
16362,652.07,90,30,1
16363,109.36000000000001,5,54,1
16364,707.04,53,12,1
16365,1540.42,51,3,1
16366,327.3,18,19,1
16367,804.49,130,302,1
16368,497.43,76,29,1
16369,1553.66,118,19,1
16372,367.93,97,182,1
16374,473.03000000000003,111,244,1
16376,977.52,128,18,1
16377,676.2,5,268,1
16378,362.95,23,189,1
16379,2131.9,109,19,1
16380,1780.59,32,91,1
16383,668.36,102,75,1
16384,584.5,33,31,1
16385,555.89,59,61,1
16386,317.2,88,29,1
16387,94.36,4,323,1
16389,1362.27,35,54,1
16392,221.19,45,270,1
16394,1412.06,100,50,1
16398,1631.15,86,125,1
16399,408.57,73,20,1
16400,303.93,29,184,1
16402,299.6,60,265,1
16403,161.04999999999998,15,69,1
16404,443.05,23,71,1
16405,167.25,5,69,1
16406,163.07,63,19,1
16407,2126.93,172,13,1
16411,214.65,45,20,1
16412,151.83,35,54,1
16413,262.2,31,57,1
16414,126.25,7,22,1
16415,210.35,54,45,1
16416,1026.99,73,27,1
16418,675.27,102,45,1
16419,959.48,52,37,1
16423,346.12,18,25,1
16424,82.56,6,192,1
16425,302.7,21,69,1
16427,241.06,9,264,1
16428,-2.95,1,82,1
16429,284.55,2,107,1
16430,300.85,6,58,1
16431,642.81,83,66,1
16432,287.4,8,183,1
16433,184.26,17,29,1
16434,1522.25,109,48,1
16438,798.35,132,27,1
16441,381.2,24,274,1
16442,616.79,174,120,1
16444,638.77,86,47,1
16445,230.51,63,182,1
16446,2.8999999999941792,4,89,1
16447,259.01,36,136,1
16448,188.89000000000001,20,199,1
16449,674.69,43,198,1
16450,311.92,11,150,1
16451,266.97,14,88,1
16454,-8.15,3,45,1
16455,1841.18,99,153,1
16456,2158.37,111,104,1
16457,208.36,9,219,1
16460,814.72,135,29,1
16461,151.42,33,178,1
16462,102.0,4,74,1
16463,1383.7,85,22,1
16466,1603.46,148,4,1
16468,74.9,2,75,1
16470,757.44,171,52,1
16471,223.95000000000002,13,68,1
16473,314.86,19,162,1
16475,544.3,28,1,1
16477,2494.46,146,68,1
16478,331.0,17,26,1
16479,300.83,35,11,1
16480,769.29,53,76,1
16482,220.62,18,16,1
16483,139.35,19,193,1
16484,379.4,26,174,1
16485,363.65,42,78,1
16488,492.2,31,115,1
16491,731.5,39,47,1
16493,1329.66,62,73,1
16494,826.53,50,297,1
16495,684.41,97,129,1
16496,1562.22,97,208,1
16497,2965.69,136,50,1
16498,86.12,16,162,1
16499,319.1,22,361,1
16500,400.86,11,17,1
16503,1421.43,86,96,1
16504,484.38,86,26,1
16505,777.6,4,121,1
16506,90.30000000000001,3,20,1
16509,363.7,13,297,1
16511,950.26,169,22,1
16513,874.59,35,20,1
16515,1627.13,113,3,1
16516,101.69999999999999,6,90,1
16517,162.7,17,160,1
16518,480.92,42,91,1
16519,215.07999999999998,13,26,1
16520,1036.6200000000001,157,187,1
16526,290.36,15,172,1
16527,228.06,14,82,1
16528,244.41,17,181,1
16529,455.25,30,306,1
16531,1244.59,77,23,1
16535,593.75,31,242,1
16536,539.02,56,108,1
16539,1388.81,45,151,1
16542,119.62,5,54,1
16545,339.3,3,165,1
16546,-95.93,31,291,1
16551,922.12,32,162,1
16552,379.73,17,36,1
16554,641.55,74,9,1
16555,285.89,17,110,1
16557,281.85,11,25,1
16560,816.51,58,22,1
16561,511.12,31,30,1
16563,1077.74,19,54,1
16566,614.01,19,16,1
16567,865.6,35,162,1
16569,124.2,5,181,1
16571,1285.22,106,27,1
16572,999.7,58,33,1
16573,648.41,46,74,1
16574,451.44,28,72,1
16581,70.44,11,65,1
16582,313.62,6,114,1
16584,908.03,31,81,1
16586,463.95,8,220,1
16587,225.15,13,233,1
16589,459.24,33,72,1
16591,213.5,10,303,1
16593,330.03,27,51,1
16594,181.09,53,76,1
16595,360.16,85,91,1
16596,250.15,12,16,1
16597,90.04,7,212,1
16598,140.7,11,160,1
16600,813.52,62,17,1
16601,244.79999999999998,31,41,1
16602,494.72999999999996,32,121,1
16603,482.47,34,75,1
16607,3038.67,174,0,1
16610,75.66,6,249,1
16611,120.99000000000001,11,187,1
16612,1187.66,66,2,1
16613,618.59,30,71,1
16614,506.19,26,65,1
16616,500.42,33,16,1
16617,151.85,5,236,1
16618,2630.64,97,121,1
16619,204.41,16,254,1
16620,178.96,9,181,1
16621,813.48,29,52,1
16623,129.45,5,128,1
16624,810.5699999999999,48,81,1
16625,333.08,23,68,1
16627,322.8,20,80,1
16628,2183.04,119,60,1
16629,417.73,64,74,1
16633,2878.15,153,4,1
16634,217.9,9,339,1
16637,1124.59,72,61,1
16638,1676.47,95,23,1
16639,1169.38,52,26,1
16641,231.10000000000002,12,106,1
16642,679.83,35,207,1
16643,487.51,27,128,1
16644,833.78,62,35,1
16647,214.06,14,170,1
16648,270.85999999999996,21,43,1
16650,518.42,24,72,1
16653,1166.92,76,17,1
16654,594.97,31,142,1
16659,39.12,2,279,1
16660,810.4499999999999,17,17,1
16665,135.39999999999998,9,363,1
16666,118.98,32,20,1
16667,570.13,53,285,1
16668,306.71999999999997,20,15,1
16669,1370.8700000000001,161,24,1
16671,1692.27,6,29,1
16674,319.61,98,55,1
16676,1558.72,92,66,1
16678,3013.83,170,2,1
16680,183.7,10,43,1
16681,1770.34,44,73,1
16682,1028.0,30,58,1
16685,324.24,62,91,1
16688,1260.86,62,11,1
16689,303.26,16,76,1
16690,208.63,13,44,1
16692,1276.0,3,257,1
16693,482.01,60,272,1
16696,657.9000000000001,10,66,1
16697,112.75,21,6,1
16698,1998.0,5,227,1
16706,531.35,123,115,1
16708,656.63,27,46,1
16709,3029.87,79,85,1
16711,1651.03,22,27,1
16714,911.53,94,219,1
16715,301.71999999999997,19,78,1
16716,319.8000000000001,3,69,1
16720,155.24,27,27,1
16721,292.47,37,263,1
16723,589.15,43,92,1
16725,775.07,152,69,1
16730,702.79,84,38,1
16732,603.75,28,121,1
16734,650.51,53,53,1
16735,2269.21,128,79,1
16737,417.59999999999997,1,54,1
16738,3.75,1,298,1
16739,312.55,16,173,1
16742,0.0,4,47,1
16747,826.96,45,26,1
16748,1515.9,69,18,1
16750,623.93,95,45,1
16751,1764.72,25,90,1
16753,223.92000000000002,34,0,1
16755,1484.63,176,115,1
16756,239.4,13,96,1
16757,106.83000000000001,7,319,1
16758,369.34000000000003,22,214,1
16759,772.84,43,11,1
16761,316.62,13,245,1
16762,1501.38,89,20,1
16763,594.9,24,157,1
16765,34.0,1,295,1
16766,1145.6,34,37,1
16768,458.04,58,48,1
16769,380.39,40,261,1
16770,744.9,146,58,1
16773,171.59,26,58,1
16774,654.92,49,117,1
16775,1695.66,158,11,1
16776,388.28,76,61,1
16777,226.35,50,81,1
16778,245.94,16,68,1
16780,425.19,60,101,1
16784,107.6,3,20,1
16788,597.48,155,124,1
16789,80.8,5,332,1
16790,1520.1200000000001,95,17,1
16792,110.38000000000001,12,310,1
16793,243.84,16,58,1
16796,305.62,18,31,1
16800,1201.49,164,12,1
16801,867.83,121,37,1
16803,332.3,24,214,1
16804,536.99,60,24,1
16805,460.59,98,174,1
16806,801.49,103,104,1
16807,1121.59,67,127,1
16808,288.42,23,67,1
16809,912.74,150,24,1
16810,275.64,16,193,1
16811,547.07,28,18,1
16812,479.35,15,361,1
16816,417.06,28,104,1
16817,1446.95,95,37,1
16820,497.61,26,215,1
16823,358.38,38,228,1
16824,460.64,26,16,1
16825,775.1800000000001,28,157,1
16826,341.7,22,52,1
16828,128.5,8,113,1
16829,197.22,11,186,1
16830,325.91,23,333,1
16832,199.15,12,126,1
16833,1106.53,47,100,1
16834,413.46,24,228,1
16835,180.85,10,277,1
16836,251.87,11,40,1
16837,3167.73,166,30,1
16838,582.9,26,160,1
16841,1774.62,117,66,1
16842,1260.44,64,69,1
16846,214.32,11,51,1
16847,193.44,12,44,1
16848,281.42,14,53,1
16849,124.57,8,187,1
16850,332.41,19,70,1
16851,342.45,20,43,1
16852,144.91000000000003,9,11,1
16855,328.4,19,24,1
16856,35.400000000000006,2,15,1
16859,473.14,72,107,1
16861,151.65,8,30,1
16863,481.35,28,60,1
16866,207.73999999999998,11,64,1
16869,805.62,129,23,1
16871,2761.4900000000002,139,22,1
16872,680.02,7,78,1
16875,2023.47,123,6,1
16877,853.72,159,13,1
16878,0.0,6,25,1
16880,1519.08,178,64,1
16881,432.0,1,244,1
16882,705.12,39,240,1
16883,276.73,38,218,1
16884,429.84000000000003,26,302,1
16885,471.51,101,16,1
16887,194.88,37,243,1
16889,1578.67,135,67,1
16892,496.84000000000003,101,16,1
16895,219.14,69,183,1
16897,213.03,44,300,1
16898,444.46,163,27,1
16899,1281.56,125,20,1
16900,187.6900000000001,82,12,1
16902,1706.88,44,117,1
16903,373.24,60,60,1
16906,579.77,93,82,1
16907,981.65,151,59,1
16909,364.14,19,73,1
16912,2528.67,105,24,1
16913,113.44,8,291,1
16914,208.46,38,274,1
16915,621.6800000000001,57,10,1
16916,576.26,143,24,1
16917,391.52,9,129,1
16918,1043.34,130,50,1
16921,169.79,60,91,1
16924,739.5,89,22,1
16927,543.05,6,116,1
16929,1295.39,77,18,1
16930,380.55,54,27,1
16932,161.94,53,54,1
16933,530.08,49,120,1
16934,950.9300000000001,62,55,1
16936,262.68,57,26,1
16943,816.73,33,5,1
16947,406.48,21,236,1
16948,435.02,19,139,1
16949,1161.27,61,41,1
16950,1178.56,42,57,1
16951,1262.75,87,124,1
16952,167.61,16,110,1
16953,20.8,1,90,1
16954,2085.08,54,17,1
16955,493.67,26,126,1
16956,292.34,18,10,1
16957,416.64,16,240,1
16959,117.35000000000001,7,88,1
16960,507.05,101,61,1
16961,234.17,14,117,1
16963,110.55000000000001,7,218,1
16965,201.19,26,227,1
16966,2148.47,31,16,1
16967,319.02,21,279,1
16968,439.43,31,108,1
16969,650.41,42,40,1
16971,232.20999999999998,42,151,1
16976,251.51999999999998,2,268,1
16978,344.33,39,78,1
16979,1809.05,91,18,1
16980,1078.96,87,256,1
16982,384.06,22,61,1
16983,1920.2,149,4,1
16986,1873.2,3,60,1
16987,1625.05,129,42,1
16988,126.12,7,242,1
16989,1133.25,12,3,1
16990,179.0,1,219,1
16992,1601.8600000000001,95,11,1
16996,1427.46,41,63,1
16997,702.0,12,283,1
16998,287.02000000000004,6,130,1
16999,484.82,23,24,1
17002,1487.78,50,74,1
17004,1412.94,44,47,1
17006,781.78,44,19,1
17007,877.4300000000001,53,51,1
17010,185.46,12,17,1
17011,270.9,15,90,1
17014,565.58,75,152,1
17018,920.1,16,41,1
17022,71.0,7,121,1
17024,95.85,3,46,1
17025,357.77,9,61,1
17026,154.82999999999998,4,157,1
17027,848.59,155,79,1
17029,716.0,2,111,1
17030,146.87,11,153,1
17031,380.35,22,12,1
17033,1030.14,28,87,1
17034,734.5699999999999,32,17,1
17035,388.33,32,38,1
17037,1253.22,77,78,1
17038,112.4,22,90,1
17040,449.73,15,138,1
17041,1065.77,71,27,1
17042,1044.3799999999999,98,63,1
17043,1735.18,102,52,1
17044,897.4300000000001,10,26,1
17045,339.44,22,114,1
17046,642.02,22,217,1
17047,1100.9,65,86,1
17048,864.32,48,9,1
17051,247.14000000000001,43,195,1
17052,413.75,92,29,1
17053,496.38,14,277,1
17054,1353.83,84,29,1
17058,1179.89,62,82,1
17060,234.24,5,267,1
17062,534.47,71,314,1
17063,1421.59,82,22,1
17064,859.35,62,0,1
17065,-112.35,1,144,1
17069,2655.2200000000003,154,3,1
17070,312.14,64,115,1
17071,2385.48,148,1,1
17073,1446.09,174,18,1
17075,813.77,80,18,1
17076,841.0799999999999,25,37,1
17078,378.2,28,273,1
17079,118.80000000000001,2,79,1
17080,285.5,9,23,1
17081,290.16,64,26,1
17082,2003.85,81,182,1
17083,1405.78,52,99,1
17084,2949.75,162,243,1
17086,2050.08,96,25,1
17088,1991.01,115,29,1
17090,2041.8500000000001,64,1,1
17092,1777.78,125,50,1
17094,270.20000000000005,15,318,1
17095,1088.2,77,9,1
17096,992.6800000000001,52,0,1
17100,971.74,65,19,1
17101,1621.73,42,11,1
17102,25.5,1,262,1
17105,665.78,90,191,1
17109,869.6800000000001,121,45,1
17110,163.29999999999998,12,166,1
17111,248.61,30,48,1
17114,747.22,135,67,1
17115,806.9000000000001,43,65,1
17117,116.19999999999999,9,289,1
17118,157.02,10,318,1
17119,593.61,38,30,1
17120,307.46,18,234,1
17122,138.32,7,2,1
17123,345.29999999999995,9,337,1
17124,298.89,32,157,1
17125,259.35,40,51,1
17128,157.09,14,100,1
17131,2463.17,134,48,1
17134,425.0,24,107,1
17135,1139.73,52,17,1
17138,380.5,24,98,1
17140,465.32,20,189,1
17142,579.0,15,239,1
17144,984.57,48,85,1
17146,749.78,35,106,1
17147,1679.64,85,23,1
17148,124.88,9,52,1
17152,1503.5,16,195,1
17153,213.78,14,25,1
17154,329.34,23,76,1
17155,251.70000000000002,20,18,1
17157,306.55,15,173,1
17158,1266.97,67,152,1
17159,1534.73,102,22,1
17162,1707.21,105,29,1
17163,293.1,5,22,1
17164,2466.4,145,33,1
17165,158.68,10,285,1
17166,189.49,14,197,1
17169,816.88,60,50,1
17171,224.91,16,290,1
17172,313.26,16,75,1
17174,59.9,4,188,1
17175,1430.94,64,4,1
17176,306.13,15,202,1
17179,711.79,80,179,1
17180,780.38,131,6,1
17181,239.92000000000002,23,58,1
17183,3286.9100000000003,76,23,1
17186,144.0,2,47,1
17187,203.95,10,227,1
17188,2275.58,89,12,1
17189,384.40000000000003,61,106,1
17190,249.74,20,0,1
17193,1674.46,35,0,1
17194,262.62,29,37,1
17197,1013.01,29,60,1
17198,692.22,96,24,1
17201,342.63,40,54,1
17203,3563.85,152,53,1
17204,1352.91,67,6,1
17205,384.08,13,54,1
17206,204.24,7,54,1
17212,226.85,4,253,1
17213,2741.08,164,38,1
17214,984.12,104,61,1
17217,113.5,9,235,1
17219,114.23,25,121,1
17221,335.13,63,273,1
17222,354.15,28,214,1
17223,426.79,49,311,1
17226,393.49,21,252,1
17227,939.32,47,19,1
17229,318.76,47,143,1
17230,3466.67,73,69,1
17232,421.52,36,15,1
17233,190.88,25,243,1
17234,149.89000000000001,14,65,1
17235,550.06,29,26,1
17236,916.13,105,13,1
17237,314.69,19,12,1
17239,379.95,16,313,1
17242,1135.04,40,4,1
17244,954.9,31,54,1
17245,171.45,9,205,1
17247,282.19,55,16,1
17248,318.65,69,32,1
17250,384.52,57,181,1
17251,283.28000000000003,39,363,1
17252,353.86,87,117,1
17253,178.26,18,19,1
17254,272.44,112,16,1
17255,298.41,78,41,1
17256,240.0,16,108,1
17259,603.37,124,149,1
17262,1253.3600000000001,12,53,1
17263,63.440000000000005,23,209,1
17265,562.9,127,4,1
17266,310.64,80,148,1
17267,317.62,38,245,1
17268,763.64,6,3,1
17272,2144.53,116,43,1
17274,111.97999999999999,27,243,1
17277,1065.3500000000001,69,228,1
17278,246.04,15,6,1
17279,187.82999999999998,9,58,1
17282,1703.41,94,174,1
17286,153.92,45,22,1
17287,1064.11,124,27,1
17288,1419.73,142,10,1
17289,936.16,112,4,1
17290,525.24,102,17,1
17291,550.8000000000001,1,252,1
17293,1875.1100000000001,135,0,1
17295,556.95,69,29,1
17297,131.78,51,18,1
17298,498.42,30,102,1
17299,669.11,57,12,1
17301,197.63,66,22,1
17302,1119.93,81,15,1
17303,250.04,53,362,1
17309,82.75,12,215,1
17311,1384.85,55,79,1
17312,644.3,14,139,1
17313,2288.13,28,18,1
17314,2514.76,136,0,1
17317,2524.02,11,31,1
17320,1200.6200000000001,73,101,1
17321,700.86,107,275,1
17324,990.23,50,9,1
17325,96.8,6,251,1
17329,523.11,33,15,1
17330,363.9,6,23,1
17331,175.2,1,124,1
17333,494.25,28,86,1
17334,306.6,12,38,1
17339,243.36,9,184,1
17343,193.64,17,356,1
17344,160.57,32,47,1
17345,537.74,87,16,1
17347,228.96,1,87,1
17349,110.75,9,180,1
17350,1256.19,72,46,1
17351,587.15,27,37,1
17353,1740.0,8,125,1
17354,1393.06,16,51,1
17356,178.22,19,342,1
17357,388.14,45,25,1
17358,365.85,59,99,1
17359,127.86,15,12,1
17360,585.79,132,18,1
17361,488.2,29,50,1
17362,312.23,35,240,1
17367,168.4,34,239,1
17368,1349.52,128,24,1
17370,446.18,33,73,1
17371,423.89,87,18,1
17373,646.92,57,41,1
17374,495.77,28,219,1
17375,372.5,71,200,1
17376,203.2,24,71,1
17379,404.66,83,12,1
17382,65.4,2,214,1
17383,199.29,51,211,1
17384,336.4,15,20,1
17385,261.11,47,15,1
17386,2686.42,28,114,1
17387,784.11,78,20,1
17388,1259.56,15,5,1
17391,508.8,3,164,1
17392,457.91,62,191,1
17394,203.86999999999998,4,249,1
17397,696.41,92,23,1
17398,653.38,38,115,1
17402,2633.85,59,51,1
17403,281.62,33,274,1
17405,967.22,94,3,1
17406,1928.72,116,70,1
17408,32.65,2,164,1
17409,771.85,13,126,1
17410,1214.72,64,0,1
17411,748.94,43,13,1
17412,1258.06,66,24,1
17414,778.0,6,44,1
17415,507.84,14,80,1
17418,463.46000000000004,30,43,1
17420,598.83,30,51,1
17422,1853.1299999999999,135,4,1
17423,663.63,28,46,1
17425,759.17,43,20,1
17427,100.8,2,72,1
17429,512.12,42,32,1
17430,265.76,14,152,1
17431,403.3,43,314,1
17432,365.76,48,18,1
17433,303.15999999999997,54,1,1
17434,2333.42,138,10,1
17436,216.29999999999998,9,120,1
17438,378.3,19,189,1
17440,177.1,8,148,1
17442,2210.2599999999998,140,60,1
17443,534.24,1,249,0
17444,2940.04,135,33,0
17446,120.9,9,177,1
17447,541.53,36,41,1
17451,1648.95,107,10,1
17453,486.71999999999997,19,18,1
17454,517.53,61,193,1
17455,131.7,8,204,1
17457,1737.7,19,205,1
17458,316.5,54,16,1
17459,657.3,111,44,1
17460,452.63,37,79,1
17461,757.46,111,23,1
17462,662.94,28,52,1
17464,289.96000000000004,9,247,1
17466,763.28,41,11,1
17468,137.0,5,11,1
17469,1843.06,90,17,1
17470,1125.07,78,45,1
17475,194.37,14,80,1
17480,506.51,31,74,1
17481,1249.34,83,16,1
17483,414.04,21,94,1
17486,396.87,24,262,1
17489,376.64,29,0,1
17490,1926.8799999999999,86,74,1
17491,3541.92,110,15,1
17492,374.57,12,220,1
17495,497.56,27,301,1
17496,271.05,10,359,1
17498,272.22,17,76,1
17499,622.88,40,290,1
17500,1138.0,5,18,1
17501,288.6,18,280,1
17502,689.1,28,10,1
17503,558.96,38,151,1
17504,2745.2799999999997,140,66,1
17505,1145.84,52,206,1
17506,294.29,16,71,1
17507,605.58,88,262,1
17508,387.31,22,251,0
17510,308.48,20,25,1
17512,2920.04,106,29,1
17513,513.2,6,73,1
17514,208.65,40,277,1
17515,639.02,87,121,1
17516,768.08,137,2,1
17517,153.94,11,252,1
17519,1839.07,83,18,1
17520,546.81,30,54,1
17521,721.9599999999999,46,25,1
17522,1070.71,73,95,1
17523,652.74,33,12,1
17524,145.0,6,362,1
17525,422.70000000000005,9,360,1
17526,706.7,23,119,1
17527,888.86,49,54,1
17531,293.45,15,32,1
17534,223.36,9,54,1
17535,164.4,13,251,1
17536,76.5,3,178,1
17537,897.62,75,60,1
17538,98.42,9,26,1
17540,570.4,26,25,1
17542,170.75,25,270,1
17545,645.96,145,44,1
17548,-141.48,17,188,1
17549,148.86,6,24,1
17550,267.16,42,67,1
17551,306.84,43,360,1
17552,909.96,51,43,1
17553,1487.6,2,305,1
17554,1952.45,88,17,1
17555,483.26,106,20,1
17556,157.9,6,206,1
17557,541.46,34,15,1
17560,854.95,27,69,1
17561,167.62,46,20,1
17562,1107.38,64,15,1
17564,454.01,49,25,1
17566,901.21,152,26,1
17569,344.14,29,39,1
17572,226.75000000000003,12,71,1
17573,362.9,26,60,1
17574,185.65,8,36,1
17578,124.74,6,218,1
17579,440.2,52,32,1
17580,215.72,45,313,1
17582,175.27,29,237,1
17584,1227.3,36,11,1
17588,1240.2,23,101,1
17591,2215.02,167,74,1
17594,993.18,50,86,1
17595,388.79,83,13,1
17597,2044.3700000000001,55,66,1
17600,161.67000000000002,13,18,1
17601,116.00999999999999,9,239,1
17603,-1165.3,15,50,1
17604,309.36,63,188,1
17608,193.42,59,182,1
17612,1992.76,142,54,1
17614,390.07,100,58,1
17615,329.6,14,204,1
17616,571.1999999999999,3,174,1
17618,971.58,78,220,1
17619,218.52,77,313,1
17620,81.44,4,30,1
17621,1336.1,27,22,1
17623,527.0500000000001,33,152,1
17624,843.48,50,15,1
17628,75.75,5,82,1
17629,1784.12,124,19,1
17630,503.59999999999997,26,170,1
17631,528.33,39,120,1
17633,1242.34,72,32,1
17636,265.93,24,20,1
17637,547.0600000000001,35,116,1
17639,108.5,7,129,1
17640,621.66,5,87,1
17642,712.29,40,2,1
17644,2768.98,169,32,1
17646,995.6600000000001,54,249,1
17647,133.06,7,214,1
17648,1789.55,92,61,1
17649,861.74,53,135,1
17650,166.08,8,22,1
17653,1175.88,50,32,1
17654,117.55,22,160,1
17655,2571.7400000000002,93,11,1
17656,1674.69,82,1,1
17658,485.88,23,5,1
17659,2954.75,161,18,1
17660,196.0,45,142,1
17663,1788.27,90,26,1
17664,604.64,43,19,1
17666,728.16,18,181,1
17667,2055.51,117,5,1
17668,347.75,15,120,1
17669,3406.7200000000003,68,43,1
17670,205.7,11,228,1
17671,1284.08,61,4,1
17672,3106.62,115,44,1
17674,551.04,27,75,1
17676,1383.27,79,0,1
17678,298.11,16,264,1
17679,1992.1100000000001,30,53,1
17680,184.4,11,24,1
17682,2459.33,119,11,1
17684,239.41,15,44,1
17685,3191.53,130,1,1
17691,290.40000000000003,19,358,1
17692,733.4399999999999,47,161,1
17693,187.02,18,137,1
17694,283.12,15,142,1
17695,765.34,35,132,1
17696,2201.05,126,1,1
17697,338.95,19,237,1
17698,154.95,8,261,1
17700,2508.89,146,17,1
17701,417.95,24,340,1
17702,1719.72,80,80,1
17703,798.74,55,110,1
17704,885.19,31,169,1
17705,1781.12,108,38,1
17707,152.4,5,157,1
17708,267.08,35,218,1
17709,137.45,7,170,1
17711,385.1,23,11,1
17712,522.91,29,45,1
17714,153.0,10,321,1
17715,326.4,1,201,1
17718,139.35,6,233,1
17720,1195.94,50,27,1
17722,2380.64,120,245,1
17723,3276.4000000000005,10,96,1
17724,995.6500000000001,45,58,1
17727,1042.55,67,10,1
17728,2515.68,169,22,1
17731,878.2,83,80,1
17733,692.19,35,262,1
17734,700.63,43,54,1
17736,337.49,26,10,1
17737,168.24,10,0,1
17738,1863.35,99,20,1
17739,2786.05,48,12,1
17742,355.11,15,39,1
17744,2291.08,137,26,1
17746,98.8,8,235,1
17747,64.65,2,101,1
17749,674.52,35,179,1
17752,80.64,1,360,1
17754,1739.92,93,89,1
17759,834.99,95,18,1
17760,287.59,25,22,1
17761,712.78,19,152,1
17763,15.0,1,264,1
17764,818.8199999999999,75,5,1
17765,371.88,57,211,1
17767,271.2,21,16,1
17768,2273.1800000000003,105,167,1
17770,1143.27,38,35,1
17771,245.81,54,57,1
17772,182.77,53,11,1
17774,1215.46,157,146,1
17775,56.4,3,255,1
17779,642.17,84,22,1
17781,188.02,12,253,1
17783,283.47,67,73,1
17785,131.94,13,54,1
17786,278.74,72,86,1
17787,1865.19,134,64,1
17788,1117.9,5,74,1
17789,225.9,14,282,1
17791,106.1,10,60,1
17793,323.04,58,26,1
17795,350.39,46,180,1
17796,697.9,82,41,1
17797,780.43,111,23,1
17800,1199.01,104,37,1
17802,1251.84,147,4,1
17805,512.31,10,74,1
17806,546.04,43,12,1
17812,732.16,141,13,1
17816,36.56,17,214,1
17817,387.68,33,159,1
17820,-24.05,5,338,1
17824,298.4,13,52,1
17828,1599.97,82,17,0
17829,889.24,30,299,0
17830,398.7,23,120,1
17831,35.400000000000006,2,182,1
17832,155.37,61,50,1
17835,350.64,61,10,1
17836,110.21000000000001,24,48,1
17837,1560.53,172,30,1
17838,2312.7,137,27,1
17839,338.8,56,42,1
17843,205.48,37,99,1
17844,51.559999999999995,5,107,0
17846,2033.1,1,86,1
17848,901.1999999999999,51,82,1
17849,605.8000000000001,26,70,1
17852,114.34,24,12,1
17854,311.26,15,157,1
17856,1393.79,17,120,1
17859,148.21,25,130,1
17862,330.9,11,324,1
17863,3160.0,148,30,1
17864,597.5,102,13,1
17866,325.7,10,143,1
17867,622.75,81,78,1
17869,428.18,40,108,1
17871,155.9,10,205,1
17873,1764.3600000000001,46,81,1
17874,658.26,47,157,1
17877,237.61,12,171,1
17878,379.45,26,44,1
17879,178.51999999999998,6,174,1
17881,133.35000000000002,8,130,1
17883,671.77,145,15,1
17884,717.45,117,181,1
17885,190.19,64,13,1
17886,899.61,109,121,1
17887,111.35,10,304,1
17888,525.78,81,19,1
17889,203.87,21,35,1
17890,602.09,94,323,1
17891,203.85999999999999,34,162,1
17892,244.1,28,57,1
17893,112.25,16,226,1
17895,98.0,16,45,1
17896,256.32,2,24,1
17897,541.1,115,173,1
17898,152.06,28,86,1
17899,155.8,32,278,1
17900,15.0,11,165,1
17901,110.38,19,59,1
17904,178.92,39,22,1
17905,800.24,34,71,1
17906,72.9,12,188,1
17911,366.23,39,10,1
17912,295.61,40,311,1
17913,411.6,59,0,1
17914,336.43,80,181,1
17917,341.28,94,46,1
17919,1304.04,23,1,1
17921,826.52,145,148,1
17923,207.50000000000003,1,310,1
17924,2894.33,38,12,1
17926,397.29,21,134,1
17928,212.54,23,46,1
17929,834.5,6,12,1
17930,1740.48,39,72,1
17931,408.36,65,134,1
17932,1331.57,90,5,1
17934,704.25,21,0,1
17935,145.79,29,139,1
17936,389.84,77,242,1
17939,99.14,12,278,1
17940,1983.5800000000002,23,50,1
17941,304.56,2,336,1
17942,77.50000000000001,2,301,1
17946,149.57999999999998,20,234,1
17947,176.68,9,302,1
17948,358.56000000000006,1,148,1
17950,472.12,72,73,1
17951,990.8400000000001,21,40,1
17955,557.3,19,199,1
17956,12.75,1,250,1
17957,111.68,31,244,1
17958,508.4599999999999,7,117,1
17960,73.78,26,172,1
17962,102.83,35,143,1
17964,471.7,104,121,1
17966,1098.43,68,33,1
17969,228.2,14,167,1
17970,582.59,31,4,1
17972,136.04,31,6,1
17973,337.04,15,52,1
17977,288.14,21,60,1
17979,737.81,147,169,1
17980,811.45,30,166,1
17984,152.68,48,146,1
17985,634.95,23,23,1
17986,20.8,1,57,1
17987,198.57,13,157,1
17988,191.17000000000002,39,12,1
17990,630.84,29,237,1
17991,93.35,5,226,1
17994,629.6899999999999,84,37,1
17995,76.1,2,282,1
17999,382.06,93,302,1
18001,417.23,58,13,1
18004,169.47,40,363,1
18005,249.72,60,48,1
18006,444.68,22,24,1
18008,2116.19,30,36,1
18009,252.24,33,236,1
18010,174.8,14,257,1
18013,187.29,31,156,1
18014,166.42,32,29,1
18015,120.03,46,212,1
18016,1483.56,123,75,1
18017,523.0,3,82,1
18018,122.14,29,108,1
18019,38.45,5,52,1
18024,236.77999999999997,22,64,1
18027,115.31,21,304,1
18030,220.7,10,43,1
18032,73.5,5,100,1
18033,97.97,34,213,1
18034,422.88,112,22,1
18035,730.4,53,43,1
18036,405.62,96,106,1
18037,70.02,19,125,1
18040,357.20000000000005,19,20,1
18042,165.04999999999998,7,54,1
18043,559.51,121,25,1
18044,2085.65,128,88,1
18045,189.4,47,46,1
18048,172.29000000000002,7,204,1
18050,74.4,5,360,1
18053,297.07,21,71,1
18056,363.65,19,289,1
18058,170.16,3,10,1
18059,296.71,21,10,1
18061,2119.41,46,22,1
18062,720.52,27,174,1
18064,814.0,7,134,1
18065,2380.08,138,87,1
18066,318.0,10,76,1
18067,396.33,37,41,1
18068,101.69999999999999,1,290,1
18071,453.0,25,258,1
18072,-5.329070518200751e-15,36,155,1
18075,2538.7200000000003,153,24,1
18078,336.13,29,188,1
18080,1231.5,2,19,1
18081,343.45,17,113,1
18082,703.37,73,26,1
18084,87.52999999999999,2,17,1
18085,689.95,29,331,1
18086,101.34,7,68,1
18088,167.67000000000002,39,91,1
18093,2083.42,38,32,1
18094,3017.3,70,82,1
18095,580.0500000000001,21,39,1
18097,2692.85,109,101,1
18099,168.31,19,246,1
18101,223.65,41,12,1
18104,754.64,38,302,1
18105,113.48000000000002,18,302,1
18106,430.7,39,330,1
18108,264.65,19,220,1
18110,206.05,49,20,1
18112,352.69,26,13,1
18114,220.1,28,291,1
18117,320.72,74,26,1
18120,111.15,17,96,1
18121,673.1,32,125,1
18123,589.4399999999999,36,25,1
18126,206.82999999999998,56,61,1
18127,348.73,47,20,1
18129,112.55000000000001,14,67,1
18130,1045.74,71,16,1
18133,715.4999999999999,2,5,1
18135,681.9100000000001,20,59,1
18136,761.83,39,5,1
18138,152.65,8,296,1
18141,-35.400000000000006,1,361,1
18142,1014.9,18,4,1
18143,1000.16,61,117,1
18144,2888.75,43,35,1
18146,160.35000000000002,10,141,1
18147,179.33999999999997,7,46,1
18149,612.0799999999999,16,37,1
18150,566.58,37,141,1
18151,653.35,38,135,1
18154,399.19,21,44,1
18155,347.82,28,76,1
18156,734.94,140,13,1
18158,451.75,35,1,1
18159,530.15,23,38,1
18160,638.0600000000001,39,58,1
18161,1612.79,81,11,1
18164,394.7,25,120,1
18165,302.46000000000004,10,178,1
18167,1355.51,43,24,1
18168,1133.64,140,69,1
18169,202.65,9,61,1
18170,980.31,38,113,1
18171,1208.51,56,0,1
18173,2106.84,31,68,1
18174,104.0,1,301,1
18176,448.65,33,354,1
18177,1314.17,75,121,1
18178,1573.41,99,114,1
18179,1793.17,90,10,1
18180,1843.75,119,1,1
18181,382.8,44,25,1
18183,600.52,44,68,1
18184,49.8,1,16,1
18185,304.25,17,250,1
18188,1998.49,72,16,1
18189,1084.34,69,78,1
18190,274.51,16,193,1
18191,207.79999999999998,7,262,1
18192,957.97,45,72,1
18193,212.96,18,3,1
18194,896.0,9,83,1
18196,689.13,141,215,1
18200,163.8,32,106,1
18202,1396.99,68,200,1
18203,160.42000000000002,19,217,1
18205,517.36,32,75,1
18209,139.10000000000002,8,29,1
18210,2621.38,134,10,1
18211,600.07,42,26,1
18212,248.42,43,327,1
18213,232.48000000000002,15,237,1
18215,299.34000000000003,13,31,1
18216,481.75,26,121,1
18217,621.75,31,60,1
18218,626.38,24,5,1
18219,2019.77,115,43,1
18220,297.78000000000003,4,227,1
18221,1033.31,65,5,1
18222,443.0,19,123,1
18224,158.95000000000002,10,264,1
18227,93.75,5,188,1
18228,769.2,32,50,1
18230,2716.6000000000004,89,10,1
18231,2066.17,126,193,1
18232,582.47,40,82,1
18233,440.0,1,326,1
18235,1796.48,104,32,1
18236,882.24,49,60,1
18237,987.1,61,2,1
18239,1561.6100000000001,88,219,1
18240,422.58,6,47,1
18241,2058.09,105,10,1
18242,2232.4900000000002,78,66,1
18245,2507.56,177,5,1
18246,596.1,4,24,1
18248,783.02,49,93,1
18249,95.34,8,18,1
18250,342.92,22,38,1
18252,526.67,98,51,1
18255,103.3,6,31,1
18256,-50.1,4,355,1
18257,2265.38,123,40,1
18259,2338.6000000000004,42,25,1
18260,2595.0,140,100,1
18261,324.24,21,44,1
18262,149.48,13,141,1
18263,1211.08,62,24,1
18265,801.51,46,73,1
18268,0.0,2,134,1
18269,138.9,8,359,1
18270,238.95000000000002,13,241,1
18272,3064.78,170,3,1
18273,204.0,3,151,1
18274,1.7763568394002505e-15,22,18,1
18276,323.36,16,22,1
18277,97.63,9,0,1
18278,173.9,9,74,1
18280,180.60000000000002,10,160,1
18281,80.82,7,4,1
18282,176.6,13,93,1
18287,1837.28,70,0,1
